x-ray-id; request-id; lambda-init; lambda-end; initialization-init; initialization-end; input-init; input-end; resize-init; resize-end; s3-init; s3-end; resize-oper-init; resize-oper-end; write-init; write-end
1-5cad572d-46641592daf54f3293b2fd62; 6b26cfee-fa54-421f-8028-a0a3ca27d160; 1554863917.871; 1554863920.268; 0; 0; 1554863917.861; 1554863917.861; 1554863917.861; 1554863920.249; 1554863917.862; 1554863917.872; 1554863917.872; 1554863920.249; 1554863920.25; 1554863920.25
1-5cad5645-687ae0d062f64eca93a5e827; fd89ac95-fb44-452f-bc80-8bb350c6f6ca; 1554863685.754; 1554863688.109; 0; 0; 1554863685.745; 1554863685.746; 1554863685.746; 1554863688.091; 1554863685.747; 1554863685.767; 1554863685.768; 1554863688.091; 1554863688.092; 1554863688.092
1-5cad570a-2a9985cbb9da9bf91ea96f80; 35e68afd-064f-4986-9545-d64c27edfe98; 1554863882.609; 1554863885.006; 0; 0; 1554863882.6; 1554863882.6; 1554863882.607; 1554863884.988; 1554863882.608; 1554863882.618; 1554863882.618; 1554863884.988; 1554863884.988; 1554863884.989
1-5cad55cb-38e676a5d46aa73a5987fde4; 056075c6-16fa-40d3-ab22-42f227ebbbbd; 1554863563.358; 1554863565.844; 0; 0; 1554863563.35; 1554863563.367; 1554863563.368; 1554863565.81; 1554863563.368; 1554863563.442; 1554863563.443; 1554863565.81; 1554863565.827; 1554863565.827
1-5cad563c-a45423fe4161324e81d409fb; 42098b17-2dec-4d60-9911-844a0977c050; 1554863676.444; 1554863678.787; 0; 0; 1554863676.436; 1554863676.437; 1554863676.437; 1554863678.769; 1554863676.438; 1554863676.451; 1554863676.452; 1554863678.769; 1554863678.77; 1554863678.77
1-5cad55f6-250931c61669541ef971d50c; 0f22cff8-214e-4300-82cc-7606f46a96cf; 1554863606.519; 1554863609.045; 0; 0; 1554863606.511; 1554863606.511; 1554863606.512; 1554863609.028; 1554863606.512; 1554863606.525; 1554863606.525; 1554863609.028; 1554863609.029; 1554863609.029
1-5cad5637-ec8cfb26910cb498394e09f6; 9d12f4ad-60f9-450f-904a-4c2e445c3dbf; 1554863671.703; 1554863674.031; 0; 0; 1554863671.695; 1554863671.695; 1554863671.696; 1554863674.013; 1554863671.696; 1554863671.709; 1554863671.709; 1554863674.013; 1554863674.013; 1554863674.014
1-5cad574a-e5c4e7b8dd7b7d647bd79248; 55d3e123-0f9e-4769-a735-bfe2a4441653; 1554863946.312; 1554863948.628; 0; 0; 1554863946.302; 1554863946.302; 1554863946.303; 1554863948.609; 1554863946.307; 1554863946.32; 1554863946.32; 1554863948.609; 1554863948.61; 1554863948.61
1-5cad5706-8058cecad8ce7a46e6305010; ead41a43-6cfc-446f-94dc-f4ab525a5390; 1554863878.077; 1554863880.444; 0; 0; 1554863878.068; 1554863878.068; 1554863878.068; 1554863880.411; 1554863878.069; 1554863878.08; 1554863878.08; 1554863880.411; 1554863880.412; 1554863880.412
1-5cad55c1-1b100eb84717490896613597; 40245837-bd70-48e9-92dd-116f992946d4; 1554863553.535; 1554863556.104; 0; 0; 1554863553.526; 1554863553.527; 1554863553.527; 1554863556.087; 1554863553.528; 1554863553.569; 1554863553.57; 1554863556.087; 1554863556.088; 1554863556.088
1-5cad5745-6ee06d44c9a2e500d3b322a0; f6fe3d96-b98e-4176-a7f2-10858c43a00f; 1554863941.678; 1554863944.007; 0; 0; 1554863941.667; 1554863941.667; 1554863941.668; 1554863943.971; 1554863941.668; 1554863941.681; 1554863941.681; 1554863943.97; 1554863943.988; 1554863943.988
1-5cad571d-e4a3856808a44c38b3edcae4; 13f3b9de-571c-4c06-9909-105728c66413; 1554863901.585; 1554863903.986; 0; 0; 1554863901.575; 1554863901.575; 1554863901.576; 1554863903.95; 1554863901.577; 1554863901.588; 1554863901.588; 1554863903.95; 1554863903.967; 1554863903.968
1-5cad5701-b2d57b2dd565cf82c06d9a5d; f3a31d8f-091f-47db-94e3-e21a9ebd6811; 1554863873.619; 1554863875.967; 0; 0; 1554863873.609; 1554863873.609; 1554863873.61; 1554863875.948; 1554863873.611; 1554863873.648; 1554863873.648; 1554863875.948; 1554863875.949; 1554863875.949
1-5cad56b1-7b7d3da8a32f1d702dcf6d20; 94dbb338-5e5e-4bb2-bf21-cd4ab0a81a32; 1554863793.486; 1554863795.886; 0; 0; 1554863793.483; 1554863793.483; 1554863793.483; 1554863795.867; 1554863793.484; 1554863793.5; 1554863793.5; 1554863795.867; 1554863795.868; 1554863795.868
1-5cad5661-fa743c651df4165522b3d124; 8ba5d4bf-abf0-42d8-99eb-4da0fcfdf33c; 1554863713.439; 1554863715.808; 0; 0; 1554863713.43; 1554863713.43; 1554863713.431; 1554863715.79; 1554863713.431; 1554863713.447; 1554863713.448; 1554863715.79; 1554863715.79; 1554863715.791
1-5cad570f-e991d0e48227a77c891e9f34; 98605224-2d5a-41a0-b0db-656721e78816; 1554863887.382; 1554863889.788; 0; 0; 1554863887.373; 1554863887.373; 1554863887.373; 1554863889.769; 1554863887.374; 1554863887.398; 1554863887.398; 1554863889.769; 1554863889.77; 1554863889.77
1-5cad5653-2f36c88ab33c20dc8c3c0d36; 67357ab0-8d0b-463c-8c74-1ecf1db102ff; 1554863699.655; 1554863702.046; 0; 0; 1554863699.646; 1554863699.647; 1554863699.647; 1554863702.028; 1554863699.648; 1554863699.664; 1554863699.664; 1554863702.028; 1554863702.029; 1554863702.029
1-5cad56c0-1aba3360113bddd021b2b3ac; 79cf7542-c8d9-4ce5-963a-7bcafeb2cb4a; 1554863808.761; 1554863811.128; 0; 0; 1554863808.752; 1554863808.752; 1554863808.753; 1554863811.109; 1554863808.753; 1554863808.768; 1554863808.769; 1554863811.109; 1554863811.11; 1554863811.11
1-5cad5694-bae1ba04d3bdaacccb92a851; 665d1f89-6f22-4f2f-ade6-e3a29c25a971; 1554863764.736; 1554863767.112; 0; 0; 1554863764.727; 1554863764.727; 1554863764.727; 1554863767.093; 1554863764.728; 1554863764.741; 1554863764.741; 1554863767.093; 1554863767.094; 1554863767.094
1-5cad566f-c532e8c2f92a764b20010f34; 0302127c-79f1-47e7-a2eb-9fb30f2e5fd7; 1554863727.241; 1554863729.686; 0; 0; 1554863727.23; 1554863727.231; 1554863727.231; 1554863729.65; 1554863727.232; 1554863727.267; 1554863727.267; 1554863729.65; 1554863729.667; 1554863729.668
1-5cad56ea-1bfe79dcef8d5508a4e5d220; a7302e58-2007-40e0-ac73-b56974fe3150; 1554863850.636; 1554863853.007; 0; 0; 1554863850.626; 1554863850.626; 1554863850.627; 1554863852.987; 1554863850.627; 1554863850.639; 1554863850.647; 1554863852.987; 1554863852.988; 1554863852.988
1-5cad5568-d4f3d3dc2d69b9d88eb17448; 2edbfb43-44b2-425a-af3c-b1ec5792a0da; 1554863464.403; 1554863466.983; 0; 0; 1554863464.398; 1554863464.398; 1554863464.407; 1554863466.953; 1554863464.408; 1554863464.428; 1554863464.428; 1554863466.953; 1554863466.954; 1554863466.955
1-5cad55b3-fe12eada2843a706ab52c07b; f324b0b6-587f-46bc-895c-8739a4c17972; 1554863539.237; 1554863541.845; 0; 0; 1554863539.247; 1554863539.248; 1554863539.248; 1554863541.828; 1554863539.249; 1554863539.388; 1554863539.389; 1554863541.828; 1554863541.829; 1554863541.829
1-5cad5609-978e5c7d43f1b261b4d78712; 1be0fd2f-5330-41c8-a6e5-d595970bfd8c; 1554863625.3; 1554863627.704; 0; 0; 1554863625.292; 1554863625.292; 1554863625.293; 1554863627.671; 1554863625.293; 1554863625.308; 1554863625.308; 1554863627.671; 1554863627.688; 1554863627.688
1-5cad5724-c5ef5817d1e3e6a8e511b309; f03d5bb0-a36c-4860-aeda-a9d8e6d77398; 1554863908.47; 1554863910.886; 0; 0; 1554863908.459; 1554863908.46; 1554863908.46; 1554863910.849; 1554863908.461; 1554863908.475; 1554863908.475; 1554863910.849; 1554863910.849; 1554863910.85
1-5cad5629-9f489d1ad83c2c02cfbcb392; aa8a1172-0d22-4ab9-8925-e7153c7af75b; 1554863657.725; 1554863660.284; 0; 0; 1554863657.716; 1554863657.717; 1554863657.717; 1554863660.25; 1554863657.718; 1554863657.959; 1554863657.96; 1554863660.25; 1554863660.251; 1554863660.251
1-5cad5732-7be704989cc698026690b408; a88b6138-7a85-4daf-aeef-40b1998134d7; 1554863922.701; 1554863925.065; 0; 0; 1554863922.691; 1554863922.691; 1554863922.692; 1554863925.03; 1554863922.692; 1554863922.703; 1554863922.703; 1554863925.03; 1554863925.031; 1554863925.031
1-5cad56e1-b9f964623ddf1d2af3a239fe; ecea03d5-59da-46e8-a0c9-312896fac25a; 1554863841.402; 1554863843.884; 0; 0; 1554863841.399; 1554863841.399; 1554863841.399; 1554863843.851; 1554863841.4; 1554863841.504; 1554863841.504; 1554863843.851; 1554863843.852; 1554863843.852
1-5cad55f1-2077b7e0ab086f20ce896be0; 6afffa38-9062-46b7-b603-0f1f4b1321ba; 1554863601.727; 1554863604.165; 0; 0; 1554863601.718; 1554863601.719; 1554863601.719; 1554863604.147; 1554863601.72; 1554863601.735; 1554863601.735; 1554863604.147; 1554863604.148; 1554863604.148
1-5cad5753-f5286c54c4db001e84a1a1a8; 25e1f6de-953a-40ab-ad6c-7f5586958701; 1554863955.374; 1554863958.009; 0; 0; 1554863955.364; 1554863955.364; 1554863955.365; 1554863957.989; 1554863955.365; 1554863955.379; 1554863955.379; 1554863957.989; 1554863957.99; 1554863957.99
1-5cad56b6-34d29f6fbac356fd5caa13a3; c6bbfea4-af79-4b50-995a-c505ae3d7205; 1554863798.139; 1554863800.489; 0; 0; 1554863798.131; 1554863798.147; 1554863798.148; 1554863800.47; 1554863798.148; 1554863798.16; 1554863798.16; 1554863800.47; 1554863800.471; 1554863800.471
1-5cad5604-e41e4fe8145a5dc4ff96ae10; 37334de9-c0f5-428e-811f-b2e654f01369; 1554863620.673; 1554863623.044; 0; 0; 1554863620.664; 1554863620.665; 1554863620.665; 1554863623.01; 1554863620.666; 1554863620.682; 1554863620.682; 1554863623.01; 1554863623.027; 1554863623.027
1-5cad55fb-a26e888eafc8a0fc3bcce6b4; 499e6e5f-2504-4b4b-bbc5-f826344dc6c7; 1554863611.452; 1554863614.024; 0; 0; 1554863611.443; 1554863611.444; 1554863611.444; 1554863614.007; 1554863611.445; 1554863611.679; 1554863611.681; 1554863614.007; 1554863614.008; 1554863614.008
1-5cad5681-b061c04f20d45bda4f631679; eaee2c80-df1c-4a97-9776-9888d9e09757; 1554863745.862; 1554863748.226; 0; 0; 1554863745.853; 1554863745.854; 1554863745.854; 1554863748.208; 1554863745.867; 1554863745.881; 1554863745.882; 1554863748.208; 1554863748.209; 1554863748.209
1-5cad555e-67a1c539789c2392da3287a8; 532b266d-69c9-4fcb-8f1c-4639fc40ed67; 1554863454.445; 1554863457.143; 0; 0; 1554863454.447; 1554863454.448; 1554863454.449; 1554863457.128; 1554863454.449; 1554863454.475; 1554863454.475; 1554863457.128; 1554863457.129; 1554863457.129
1-5cad573c-c3a89640f6a9fcb05d06fe00; 8bec1975-f069-4c4f-b94d-d59402db0564; 1554863932.249; 1554863934.612; 0; 0; 1554863932.238; 1554863932.239; 1554863932.239; 1554863934.569; 1554863932.24; 1554863932.251; 1554863932.252; 1554863934.569; 1554863934.587; 1554863934.588
1-5cad55d9-9b09975c6c464e00de96d6d8; 2f9ab2ed-65ea-4862-8cab-b921838ba3fb; 1554863577.757; 1554863580.224; 0; 0; 1554863577.749; 1554863577.75; 1554863577.75; 1554863580.194; 1554863577.751; 1554863577.776; 1554863577.776; 1554863580.194; 1554863580.207; 1554863580.208
1-5cad55c6-1fa0ae9af069b0a41a26d9e8; bd1af9d4-4629-4cc0-a6e3-6591a065eb2e; 1554863558.438; 1554863560.947; 0; 0; 1554863558.43; 1554863558.43; 1554863558.447; 1554863560.929; 1554863558.448; 1554863558.508; 1554863558.509; 1554863560.929; 1554863560.93; 1554863560.93
1-5cad56d7-e105b9981ef6e61c205ec0a8; 330d56ad-7cc4-444d-b25a-29f8d2a2b9c8; 1554863831.692; 1554863834.307; 0; 0; 1554863831.681; 1554863831.682; 1554863831.682; 1554863834.288; 1554863831.687; 1554863831.701; 1554863831.701; 1554863834.287; 1554863834.288; 1554863834.289
1-5cad554c-19b3f456c93590fe408e575c; 3afec70f-b348-4bce-92f4-b65a3e606758; 1554863436.778; 1554863446.882; 1554863437.067; 1554863438.792; 1554863438.889; 1554863438.95; 1554863439.368; 1554863446.811; 1554863439.849; 1554863442.648; 1554863442.667; 1554863446.811; 1554863446.849; 1554863446.851
1-5cad5678-d11410c693a38074e1f17522; d4b659fc-4bc3-4d6f-80fb-64f6513733e1; 1554863736.851; 1554863739.245; 0; 0; 1554863736.843; 1554863736.843; 1554863736.844; 1554863739.211; 1554863736.844; 1554863736.86; 1554863736.86; 1554863739.211; 1554863739.212; 1554863739.212
1-5cad5666-fb603395e01531765f5c8f64; 55491997-038d-4c39-8fc8-97213178f924; 1554863718.107; 1554863720.545; 0; 0; 1554863718.098; 1554863718.107; 1554863718.108; 1554863720.511; 1554863718.108; 1554863718.152; 1554863718.153; 1554863720.511; 1554863720.527; 1554863720.527
1-5cad5686-e265e738d74309980fd28020; 271a7a8f-f74a-4061-a260-0206603b1ca5; 1554863750.673; 1554863753.065; 0; 0; 1554863750.664; 1554863750.664; 1554863750.665; 1554863753.047; 1554863750.666; 1554863750.679; 1554863750.679; 1554863753.047; 1554863753.048; 1554863753.048
1-5cad56c9-cb5b2a9994e9dcc7173f82f2; f2e6abfe-7e04-4b1f-8190-f259bc15a8bf; 1554863817.82; 1554863820.148; 0; 0; 1554863817.81; 1554863817.811; 1554863817.811; 1554863820.128; 1554863817.812; 1554863817.828; 1554863817.828; 1554863820.128; 1554863820.129; 1554863820.129
1-5cad56c5-e232bde464321d54121e0b56; 7b9c4c83-eb33-442b-af8a-63a5125a3f21; 1554863813.368; 1554863815.744; 0; 0; 1554863813.359; 1554863813.359; 1554863813.36; 1554863815.71; 1554863813.36; 1554863813.378; 1554863813.378; 1554863815.71; 1554863815.71; 1554863815.711
1-5cad557b-3ad6c89a368864b14a0b8a4e; 14cdc507-4d63-4e6b-8e08-0d8fcf376837; 1554863483.954; 1554863486.623; 0; 0; 1554863483.947; 1554863483.947; 1554863483.948; 1554863486.589; 1554863483.948; 1554863484.008; 1554863484.008; 1554863486.589; 1554863486.59; 1554863486.591
1-5cad56e6-7acb010a40dcb044737bda22; 7e4dca07-e3d7-48cd-a21b-9a6ec7469b72; 1554863846.15; 1554863848.428; 0; 0; 1554863846.141; 1554863846.142; 1554863846.142; 1554863848.41; 1554863846.143; 1554863846.155; 1554863846.155; 1554863848.41; 1554863848.41; 1554863848.411
1-5cad5633-d237f3a2eeb817777ae7bee0; b3340127-38f9-4366-ab37-0ed3f045c5df; 1554863667.114; 1554863669.504; 0; 0; 1554863667.107; 1554863667.107; 1554863667.108; 1554863669.47; 1554863667.108; 1554863667.122; 1554863667.123; 1554863669.47; 1554863669.487; 1554863669.488
1-5cad55b8-51179178dc9a8504db0ab630; ae5c68f8-f820-4abd-97c8-59a4fe102852; 1554863544.123; 1554863546.627; 0; 0; 1554863544.116; 1554863544.116; 1554863544.117; 1554863546.609; 1554863544.118; 1554863544.141; 1554863544.142; 1554863546.609; 1554863546.61; 1554863546.611
1-5cad5741-11477fd4e637d5b49d3a7c34; 82b5cc8f-de56-45c0-bd04-08605324d466; 1554863937.007; 1554863939.386; 0; 0; 1554863936.998; 1554863936.998; 1554863936.999; 1554863939.35; 1554863937.008; 1554863937.02; 1554863937.02; 1554863939.35; 1554863939.367; 1554863939.367
1-5cad560e-24c0b0f8022a4e0d8c94e2ea; 0c9b1423-5e01-4641-97a9-9c494b804002; 1554863630.085; 1554863632.449; 0; 0; 1554863630.077; 1554863630.078; 1554863630.078; 1554863632.431; 1554863630.087; 1554863630.101; 1554863630.102; 1554863632.431; 1554863632.432; 1554863632.432
1-5cad56a2-4c49dbaed07a8a70ef6dcfa4; 5d19c9ba-4eaa-4e54-8786-536f410b1aa4; 1554863778.822; 1554863781.33; 0; 0; 1554863778.813; 1554863778.813; 1554863778.813; 1554863781.254; 1554863778.814; 1554863778.839; 1554863778.84; 1554863781.254; 1554863781.267; 1554863781.267
1-5cad5714-c89c2488a7a81690aa9e6400; ce0731e6-674a-41b2-9682-56985ff9c6f0; 1554863892.034; 1554863894.425; 0; 0; 1554863892.029; 1554863892.029; 1554863892.03; 1554863894.387; 1554863892.03; 1554863892.057; 1554863892.057; 1554863894.387; 1554863894.388; 1554863894.388
1-5cad56ef-6b8fc67282f7a13de92a4304; e7c85a84-fcff-4d36-bdfa-a883d60fba63; 1554863855.469; 1554863857.791; 0; 0; 1554863855.46; 1554863855.46; 1554863855.461; 1554863857.771; 1554863855.462; 1554863855.488; 1554863855.489; 1554863857.771; 1554863857.772; 1554863857.772
1-5cad5641-09e99ca0ff8e2060b7385040; f4c0befc-0936-43ff-aa9f-ca7bea7caf5c; 1554863681.03; 1554863683.407; 0; 0; 1554863681.022; 1554863681.022; 1554863681.023; 1554863683.388; 1554863681.023; 1554863681.04; 1554863681.041; 1554863683.388; 1554863683.389; 1554863683.389
1-5cad597b-48994c52a5fddc9b95f7f81d; 2035f27d-e9b3-41d4-a2b5-a3f459ce17da; 1554864507.21; 1554864509.59; 0; 0; 1554864507.196; 1554864507.196; 1554864507.197; 1554864509.568; 1554864507.198; 1554864507.251; 1554864507.252; 1554864509.568; 1554864509.568; 1554864509.569
1-5cad5976-a096c41768e4946c7dc9c0e3; 915fbf48-27be-4c9d-8afb-5b67c4dd2fc8; 1554864502.531; 1554864505.009; 0; 0; 1554864502.528; 1554864502.528; 1554864502.528; 1554864504.974; 1554864502.529; 1554864502.656; 1554864502.656; 1554864504.974; 1554864504.974; 1554864504.975
1-5cad5699-8d2cf36887eaa0e8b9c26df8; 109411ca-7ec4-4f91-8cef-99b1115de73b; 1554863769.316; 1554863771.725; 0; 0; 1554863769.307; 1554863769.307; 1554863769.308; 1554863771.691; 1554863769.309; 1554863769.329; 1554863769.329; 1554863771.691; 1554863771.708; 1554863771.708
1-5cad56bb-aa46ebec32f1bf754ac84bf5; 47315a46-329e-4a52-9e66-b80791c2fcc5; 1554863803.997; 1554863806.345; 0; 0; 1554863803.987; 1554863803.987; 1554863803.987; 1554863806.31; 1554863803.988; 1554863804.001; 1554863804.001; 1554863806.31; 1554863806.311; 1554863806.311
1-5cad55de-70c16b8ad50b56124bd2d78c; 5ef532f6-705a-4be6-8ced-488832bf5c22; 1554863582.332; 1554863584.746; 0; 0; 1554863582.324; 1554863582.324; 1554863582.324; 1554863584.728; 1554863582.325; 1554863582.34; 1554863582.341; 1554863584.728; 1554863584.729; 1554863584.73
1-5cad574e-6093270e5e8a348aa0fa2d2c; f4f8901a-e17b-4467-88a9-d489e3e9300b; 1554863950.769; 1554863953.166; 0; 0; 1554863950.761; 1554863950.761; 1554863950.762; 1554863953.13; 1554863950.762; 1554863950.776; 1554863950.776; 1554863953.13; 1554863953.131; 1554863953.131
1-5cad562e-3990c908011d0c1a2c04446c; f1e67f79-9fd0-4284-bea7-b64a8c505370; 1554863662.483; 1554863664.848; 0; 0; 1554863662.476; 1554863662.477; 1554863662.477; 1554863664.831; 1554863662.478; 1554863662.518; 1554863662.518; 1554863664.831; 1554863664.832; 1554863664.832
1-5cad55e7-f6bbf0a73f365242aaa1f68e; 10ce763c-194b-48be-8c66-4b4999739e50; 1554863591.996; 1554863594.584; 0; 0; 1554863591.988; 1554863591.988; 1554863591.989; 1554863594.55; 1554863591.989; 1554863592.221; 1554863592.222; 1554863594.55; 1554863594.568; 1554863594.568
1-5cad5572-9287432ca903b52246bcaad8; 2c4eb7a6-33d9-4ca6-b7a8-27fd66e7aff0; 1554863474.237; 1554863476.844; 0; 0; 1554863474.268; 1554863474.268; 1554863474.269; 1554863476.81; 1554863474.27; 1554863474.308; 1554863474.308; 1554863476.81; 1554863476.827; 1554863476.828
1-5cad5559-7030e6e077001f94a703d6cc; 174f6e46-dfb8-430b-912c-4eafd4e26297; 1554863449.286; 1554863452.304; 0; 0; 1554863449.279; 1554863449.28; 1554863449.287; 1554863452.27; 1554863449.288; 1554863449.327; 1554863449.327; 1554863452.27; 1554863452.287; 1554863452.288
1-5cad565c-fb6174413876f3552d062a87; 0d8583fe-db73-4a4f-9ff2-7146d9e59430; 1554863708.815; 1554863711.185; 0; 0; 1554863708.806; 1554863708.806; 1554863708.807; 1554863711.15; 1554863708.807; 1554863708.822; 1554863708.822; 1554863711.15; 1554863711.151; 1554863711.167
1-5cad564f-8b3757b8c325e850c273d698; e2c74b84-387f-44de-95aa-55a7574c9fd5; 1554863695.122; 1554863697.565; 0; 0; 1554863695.12; 1554863695.12; 1554863695.121; 1554863697.531; 1554863695.121; 1554863695.207; 1554863695.208; 1554863697.531; 1554863697.548; 1554863697.548
1-5cad561b-6480386ac0e5ccd6f78a1598; 882cd005-b5e3-48d9-9041-386a1ed0df71; 1554863643.817; 1554863646.188; 0; 0; 1554863643.809; 1554863643.827; 1554863643.828; 1554863646.17; 1554863643.828; 1554863643.84; 1554863643.84; 1554863646.17; 1554863646.171; 1554863646.171
1-5cad556d-a03285faa9fb3fda0dcfe94d; 83d4807f-ed49-42a5-9f23-8bc049c4fa26; 1554863469.443; 1554863471.963; 0; 0; 1554863469.435; 1554863469.447; 1554863469.448; 1554863471.934; 1554863469.449; 1554863469.489; 1554863469.489; 1554863471.934; 1554863471.935; 1554863471.947
1-5cad567d-5accea38c8fc0640e82d25c8; 6e672d70-de4a-4239-aca2-da2259f6e6a8; 1554863741.372; 1554863743.764; 0; 0; 1554863741.371; 1554863741.371; 1554863741.371; 1554863743.73; 1554863741.372; 1554863741.387; 1554863741.387; 1554863743.73; 1554863743.73; 1554863743.731
1-5cad569d-0eda6ced0a537d3359c3611d; c640aca7-5475-43d0-a0ac-96561535bdc1; 1554863773.937; 1554863776.505; 0; 0; 1554863773.928; 1554863773.928; 1554863773.928; 1554863776.471; 1554863773.929; 1554863774.129; 1554863774.129; 1554863776.471; 1554863776.488; 1554863776.488
1-5cad5624-86bb0c7cb554994ec434a340; 0d28d2a9-8483-4724-ba0d-00fa2aac4549; 1554863652.937; 1554863655.286; 0; 0; 1554863652.929; 1554863652.929; 1554863652.93; 1554863655.267; 1554863652.931; 1554863652.948; 1554863652.948; 1554863655.267; 1554863655.268; 1554863655.268
1-5cad56ac-f0dea7483ca865e0b96205b0; a7b739ec-299f-4379-a39d-ebeb911f97c8; 1554863788.265; 1554863791.065; 0; 0; 1554863788.256; 1554863788.267; 1554863788.268; 1554863791.028; 1554863788.268; 1554863788.308; 1554863788.308; 1554863791.028; 1554863791.047; 1554863791.047
1-5cad56f3-44985ae365043ac1e7807612; 78852569-4c6c-47e6-9629-1487fc376d73; 1554863859.927; 1554863862.289; 0; 0; 1554863859.917; 1554863859.917; 1554863859.917; 1554863862.27; 1554863859.918; 1554863859.928; 1554863859.929; 1554863862.27; 1554863862.271; 1554863862.271
1-5cad5600-3024afd3889d32751fd372ad; 288cf35f-981e-4622-a72d-aa9cc72ee31c; 1554863616.172; 1554863618.57; 0; 0; 1554863616.164; 1554863616.165; 1554863616.165; 1554863618.552; 1554863616.166; 1554863616.178; 1554863616.178; 1554863618.552; 1554863618.553; 1554863618.553
1-5cad56ce-d4d607b84a81a290bd2e1e8a; 6bc1938c-9a8d-4ff1-847b-8abc65be4a4d; 1554863822.358; 1554863824.725; 0; 0; 1554863822.354; 1554863822.355; 1554863822.355; 1554863824.69; 1554863822.356; 1554863822.369; 1554863822.369; 1554863824.69; 1554863824.707; 1554863824.707
1-5cad564a-44f7f9d8285605e243cff89b; 5b8b8b31-94fd-49a3-abd1-29d8ad8421cf; 1554863690.357; 1554863692.844; 0; 0; 1554863690.348; 1554863690.348; 1554863690.348; 1554863692.81; 1554863690.349; 1554863690.368; 1554863690.368; 1554863692.81; 1554863692.827; 1554863692.827
1-5cad5718-c1356447780ee2eca6706d94; e3192b3e-f8b1-4984-9a6f-7c3adfff3896; 1554863896.951; 1554863899.286; 0; 0; 1554863896.941; 1554863896.942; 1554863896.942; 1554863899.251; 1554863896.943; 1554863896.954; 1554863896.954; 1554863899.251; 1554863899.268; 1554863899.268
1-5cad5577-327117185cf13e4a62184f0c; 5c490a5c-dc77-4c04-8254-fa43a8adf083; 1554863479.102; 1554863481.704; 0; 0; 1554863479.095; 1554863479.096; 1554863479.096; 1554863481.671; 1554863479.097; 1554863479.148; 1554863479.148; 1554863481.671; 1554863481.688; 1554863481.688
1-5cad5612-f3020510f52e9020a9b89c60; 33ccff50-ef3b-419d-9741-2f6166f27179; 1554863634.713; 1554863637.085; 0; 0; 1554863634.706; 1554863634.706; 1554863634.707; 1554863637.051; 1554863634.707; 1554863634.723; 1554863634.724; 1554863637.051; 1554863637.068; 1554863637.068
1-5cad5737-f881ea40448207e059331560; 8bcef70e-8692-4774-8b72-9c286bec93d6; 1554863927.584; 1554863929.945; 0; 0; 1554863927.574; 1554863927.574; 1554863927.574; 1554863929.909; 1554863927.587; 1554863927.601; 1554863927.602; 1554863929.909; 1554863929.91; 1554863929.91
1-5cad55bc-f45130fdea96d8b6278f61b4; be3868ea-47cf-47a5-8b11-562c61663962; 1554863548.891; 1554863551.404; 0; 0; 1554863548.885; 1554863548.885; 1554863548.886; 1554863551.37; 1554863548.887; 1554863548.908; 1554863548.908; 1554863551.37; 1554863551.371; 1554863551.371
1-5cad5620-d5456afd10566f39a5f43e7d; ef70d890-e232-4561-b9d9-fd246ba8a9d2; 1554863648.413; 1554863650.765; 0; 0; 1554863648.412; 1554863648.412; 1554863648.413; 1554863650.748; 1554863648.413; 1554863648.428; 1554863648.428; 1554863650.748; 1554863650.748; 1554863650.749
1-5cad56a7-813064d8fdbc5dbca3a74534; 5995e98c-5334-4539-9ffa-d07ff1367ab7; 1554863783.578; 1554863785.971; 0; 0; 1554863783.568; 1554863783.569; 1554863783.569; 1554863785.953; 1554863783.57; 1554863783.584; 1554863783.584; 1554863785.953; 1554863785.954; 1554863785.954
1-5cad5690-c46faa60a40e2524b88a5cd4; aa5367f5-66c4-4ada-9d09-4b7acc2af624; 1554863760.054; 1554863762.484; 0; 0; 1554863760.044; 1554863760.045; 1554863760.045; 1554863762.449; 1554863760.046; 1554863760.099; 1554863760.099; 1554863762.449; 1554863762.45; 1554863762.45
1-5cad55ed-a7b0f900506ed1701bdeadf0; 948008bd-827a-4bf8-8bfd-704d81b63d93; 1554863597.111; 1554863599.565; 0; 0; 1554863597.127; 1554863597.128; 1554863597.128; 1554863599.548; 1554863597.129; 1554863597.148; 1554863597.148; 1554863599.548; 1554863599.549; 1554863599.549
1-5cad56fd-2715fdd6db0c9606ef85422e; 987906b0-ae7d-47bd-b063-24ef50ecc415; 1554863869.214; 1554863871.544; 0; 0; 1554863869.207; 1554863869.207; 1554863869.208; 1554863871.514; 1554863869.208; 1554863869.248; 1554863869.248; 1554863871.514; 1554863871.527; 1554863871.527
1-5cad56f8-66eb4d88e31701486d43e1e0; 69644f9b-3837-4f8a-8051-99bc224cdc5f; 1554863864.49; 1554863866.845; 0; 0; 1554863864.48; 1554863864.481; 1554863864.481; 1554863866.81; 1554863864.482; 1554863864.492; 1554863864.493; 1554863866.81; 1554863866.811; 1554863866.811
1-5cad5563-a35b3c6e61d7821aab2e2226; 4780b5ae-0527-415c-ac23-a8850432a1f5; 1554863459.438; 1554863462.067; 0; 0; 1554863459.43; 1554863459.431; 1554863459.45; 1554863462.05; 1554863459.451; 1554863459.465; 1554863459.465; 1554863462.05; 1554863462.051; 1554863462.052
1-5cad5729-cb4cc2721226750ab26b1bec; 5b2cf8e0-d341-44ce-a7e9-7ab64d6ed077; 1554863913.168; 1554863915.586; 0; 0; 1554863913.167; 1554863913.168; 1554863913.168; 1554863915.55; 1554863913.169; 1554863913.189; 1554863913.189; 1554863915.55; 1554863915.567; 1554863915.567
1-5cad55d4-ec6e8900bb87190089208520; 7dfefc43-ba05-4f05-870d-4aee002512ae; 1554863572.952; 1554863575.404; 0; 0; 1554863572.944; 1554863572.944; 1554863572.945; 1554863575.37; 1554863572.946; 1554863572.96; 1554863572.96; 1554863575.37; 1554863575.387; 1554863575.387
1-5cad5617-a9592d9e6412e21079e2399e; e6261735-a9e7-4ccd-a8ad-f90cc912f8fa; 1554863639.302; 1554863641.665; 0; 0; 1554863639.295; 1554863639.295; 1554863639.296; 1554863641.63; 1554863639.296; 1554863639.312; 1554863639.313; 1554863641.63; 1554863641.647; 1554863641.647
1-5cad5758-820455906f750ba038165100; 3b73df93-eb78-4f2c-9e19-c95da59a968a; 1554863960.179; 1554863962.505; 0; 0; 1554863960.168; 1554863960.168; 1554863960.169; 1554863962.473; 1554863960.169; 1554863960.182; 1554863960.182; 1554863962.473; 1554863962.474; 1554863962.474
1-5cad5673-2447eb38b4fd53310d4dbb0c; 8d6c2bf9-7dd0-4627-8e88-b42621116ef5; 1554863731.918; 1554863734.546; 0; 0; 1554863731.909; 1554863731.909; 1554863731.91; 1554863734.528; 1554863731.91; 1554863731.928; 1554863731.928; 1554863734.528; 1554863734.529; 1554863734.529
1-5cad568b-9b50fe3e5b2a844c523d0e6c; 48630648-a111-4c39-9029-e164e7d6b4fb; 1554863755.462; 1554863757.845; 0; 0; 1554863755.453; 1554863755.453; 1554863755.454; 1554863757.81; 1554863755.454; 1554863755.48; 1554863755.48; 1554863757.81; 1554863757.827; 1554863757.827
1-5cad5580-74f5af937c82a2053dc1326e; 11c89c80-1801-4586-8d5f-fd55f78d3360; 1554863488.868; 1554863491.307; 0; 0; 1554863488.86; 1554863488.861; 1554863488.861; 1554863491.27; 1554863488.862; 1554863488.89; 1554863488.89; 1554863491.27; 1554863491.29; 1554863491.291
1-5cad55e3-acf4c418228cde74f1d46c54; 8c6b3735-0f39-425d-a59e-5e54ad554232; 1554863587.029; 1554863589.583; 0; 0; 1554863587.021; 1554863587.022; 1554863587.022; 1554863589.55; 1554863587.027; 1554863587.04; 1554863587.04; 1554863589.55; 1554863589.567; 1554863589.568
1-5cad56d2-7d351c09ad9092d18811c671; 34e69530-4e0c-4f32-bd01-a46ef34f4cc5; 1554863826.96; 1554863829.347; 0; 0; 1554863826.951; 1554863826.951; 1554863826.951; 1554863829.328; 1554863826.952; 1554863826.964; 1554863826.964; 1554863829.328; 1554863829.329; 1554863829.329
1-5cad55d0-19ee7508bb3c50c0e001f068; 018fe7f1-2219-4807-9f07-3e0c27194800; 1554863568.214; 1554863570.704; 0; 0; 1554863568.206; 1554863568.207; 1554863568.207; 1554863570.671; 1554863568.208; 1554863568.22; 1554863568.22; 1554863570.671; 1554863570.688; 1554863570.688
1-5cad566a-11bac0cebb74ee997fd9f24f; 0dffb169-7d3c-4894-aae2-5a5e7c1695f0; 1554863722.651; 1554863725.066; 0; 0; 1554863722.642; 1554863722.642; 1554863722.643; 1554863725.048; 1554863722.647; 1554863722.668; 1554863722.668; 1554863725.048; 1554863725.049; 1554863725.049
