x-ray-id, request-id, lambda-init, lambda-end, initialization-init, initialization-end, input-init, input-end, resize-init, resize-end,s3-init,s3-end, resize-oper-init, resize-oper-end, write-init, write-end,diff-lambda,Diff-init,Diff-input,Diff-resize-ev,diff-s3,diff-resize-op,Diff-write
1-5c91a1fd-dd1bee31baee5128f98b77f6,e4653cd4-f7a1-4adb-b53b-88682f7aabcf,1553048061.569,1553048061.715,0,0,1553048061.6,1553048061.617,1553048061.64,1553048061.72,1553048061.641,1553048061.673,1553048061.673,1553048061.72,1553048061.737,1553048061.737,0.146,0,0.0170001983642578,0.08,0.032,0.0469999313354492,0.000
1-5c91a1cf-19da3bb7fbc96ceb66539d20,6d6d2d9b-e518-4ccd-88d7-d33a46db8834,1553048015.33,1553048023.135,1553048015.728,1553048017.357,1553048017.499,1553048017.54,1553048017.857,1553048023.061,1553048018.219,1553048022.28,1553048022.283,1553048023.061,1553048023.138,1553048023.157,7.8050000667572,1.629,0.0409998893737793,5.204,4.06099987030029,0.778,0.019
1-5c91a217-e6c6f3bb28069ab46aa75707,1f851aad-b3f1-4a4e-ad3b-039011510344,1553048087.587,1553048087.741,0,0,1553048087.617,1553048087.618,1553048087.618,1553048087.763,1553048087.619,1553048087.717,1553048087.717,1553048087.763,1553048087.764,1553048087.764,0.154,0,0.001,0.145,0.098,0.046,0.000
1-5c91a21a-3a9951f2f4a387edf468baee,b8a25f94-78b5-413a-a8d3-7c45fe4ff516,1553048090.915,1553048091.033,0,0,1553048090.945,1553048090.945,1553048090.946,1553048091.039,1553048090.947,1553048090.957,1553048090.958,1553048091.039,1553048091.04,1553048091.04,0.118,0,0.000,0.093,0.010,0.081,0.00
1-5c91a214-1595cdf86122e5521f16b59e,7e4f7252-a562-4a79-a6f0-c2e423948002,1553048084.278,1553048084.494,0,0,1553048084.309,1553048084.309,1553048084.31,1553048084.5,1553048084.311,1553048084.438,1553048084.438,1553048084.5,1553048084.517,1553048084.517,0.216,0,0.000,0.190000057220459,0.127,0.062000036239624,0.000
1-5c91a20d-de39b7786e64a553da3b7701,fca13b50-9d0c-44d9-a84d-8272230bb876,1553048077.134,1553048077.256,0,0,1553048077.177,1553048077.177,1553048077.178,1553048077.278,1553048077.179,1553048077.191,1553048077.192,1553048077.278,1553048077.279,1553048077.279,0.122,0,0.000,0.100,0.012,0.086,0.000
1-5c91a202-536a4ad2f052a061612aab54,b0e1da2d-fce3-45dc-b364-e1ec6c7f25b0,1553048066.269,1553048066.513,0,0,1553048066.317,1553048066.318,1553048066.318,1553048066.523,1553048066.319,1553048066.418,1553048066.418,1553048066.523,1553048066.524,1553048066.537,0.244,0,0.001,0.205,0.099,0.105,0.013
1-5c91a1f8-fd1936f91e76f959cd438483,9cc8a56d-8819-43d1-b363-4fba7472f99d,1553048056.713,1553048057.037,0,0,1553048056.757,1553048056.758,1553048056.797,1553048057.058,1553048056.798,1553048056.957,1553048056.957,1553048057.058,1553048057.059,1553048057.06,0.324,0,0.001,0.261,0.159,0.101,0.000999927520751953
1-5c91a210-d629b302c5febd8295d20373,8ded76ac-c012-486b-8508-33b5f835c221,1553048080.27,1553048080.477,0,0,1553048080.317,1553048080.318,1553048080.318,1553048080.499,1553048080.319,1553048080.38,1553048080.38,1553048080.499,1553048080.5,1553048080.5,0.207000017166138,0,0.001,0.181,0.0610001087188721,0.11899995803833,0.0
1-5c91a208-4b0cbec41bed6ac61a5ff022,b716274d-120d-414b-a0c9-339895df22b9,1553048072.894,1553048073.076,0,0,1553048072.937,1553048072.938,1553048072.938,1553048073.098,1553048072.939,1553048072.978,1553048072.978,1553048073.098,1553048073.099,1553048073.099,0.182,0,0.001,0.160,0.039,0.120,0.000
1-5c91a205-cc460253a0113ce44e1644e5,df072823-86d9-45bb-b62b-de65d28c6296,1553048069.612,1553048069.794,0,0,1553048069.657,1553048069.658,1553048069.658,1553048069.817,1553048069.659,1553048069.678,1553048069.678,1553048069.817,1553048069.818,1553048069.818,0.182,0,0.001,0.159,0.019,0.139,0.000
1-5c91a1f1-0ffd4af515b78531ec5a677a,14de83db-95cf-4f02-ae99-e5b3f08da96f,1553048049.972,1553048050.34,0,0,1553048050.003,1553048050.003,1553048050.004,1553048050.362,1553048050.018,1553048050.297,1553048050.298,1553048050.362,1553048050.363,1553048050.363,0.368000030517578,0,0.000,0.358,0.279,0.064,0.000