requestId,timestamp,duration,billedDuration
56b9e7a9-ff8a-4a6d-bc86-c51dfb601294,2019-05-10 03:34:14.081,4117.18,4200
f745005d-8d42-4ebf-9005-71cd7abc9a0e,2019-05-10 03:34:15.820,628.11,700
68f73f6f-5633-405b-ae5f-1ba6456d6bf6,2019-05-10 03:34:17.321,431.26,500
39397542-63ca-4761-9050-8ee2b3fa73c0,2019-05-10 03:34:19.862,1432.01,1500
fa735a76-b3f1-48ed-85c4-2825e497b99b,2019-05-10 03:34:21.008,59.59,100
61423165-177b-45b6-b74c-eb75bef60ff8,2019-05-10 03:34:23.342,1253.51,1300
4872b264-054c-4d05-8a89-1a0be3ae20a9,2019-05-10 03:34:25.102,671.58,700
6e94b4b3-2947-4ed9-9dad-436beede3e4b,2019-05-10 03:34:27.343,1142.91,1200
02f92514-774b-4d77-8d68-44e6f8b2abe9,2019-05-10 03:34:29.242,810.93,900
5d80ab4f-49b7-4efc-aa1a-daafdb604e8d,2019-05-10 03:34:31.340,998.79,1000
ac5aa4ae-b5bc-448e-ba5a-0c2f80e133ce,2019-05-10 03:34:33.760,1323.93,1400
c6fba1f6-aa43-49d3-8feb-e5349cb9d8a2,2019-05-10 03:34:36.083,1251.91,1300
212f69ec-173a-4d24-b22f-8da6b111ae4d,2019-05-10 03:34:37.502,333.38,400
0003284d-ccf6-4a7c-9fdf-0f89ca40b802,2019-05-10 03:34:38.700,95.16,100
d8b4a5c0-c252-4d9f-b321-f0840076a365,2019-05-10 03:34:40.163,381.01,400
94f02242-1ac6-4f71-bd78-bdee97eb915a,2019-05-10 03:34:41.342,93.89,100
91f835ae-c175-4e45-abf0-26df3274f72c,2019-05-10 03:34:43.541,1110.18,1200
be5857da-cf78-4a44-9115-0fab00e268cb,2019-05-10 03:34:44.922,249.28,300
d6261f1c-2d34-4f92-bf63-0beee5abde8c,2019-05-10 03:34:46.221,216.71,300
7c400777-4581-4add-aed1-bd71939be2f3,2019-05-10 03:34:48.382,1084.14,1100
0e9cdf00-65fb-4c6c-a4f0-138d0051dca9,2019-05-10 03:34:49.561,85.41,100
bcdf42a6-b49c-44f9-92df-dd7aa58b2add,2019-05-10 03:34:51.600,933.11,1000
544d5178-a49c-4e5f-ac54-7a8b67600772,2019-05-10 03:34:53.461,787.44,800
c6c94d29-8f65-4ce0-bcf0-b7d2233749d7,2019-05-10 03:34:54.920,366.69,400
7f87c527-3b6a-4758-8bc2-0fd3a31ba375,2019-05-10 03:34:56.821,827.62,900
454962be-636f-4563-9c39-75234a081dec,2019-05-10 03:34:58.040,112.81,200
f26d4fb0-b3c9-43c0-be92-b1079dd9ec4e,2019-05-10 03:35:00.240,1110.7,1200
099cb6e7-f4fe-485f-a29f-6878448c6b04,2019-05-10 03:35:02.421,1116.48,1200
3f5f3cc2-c035-4a46-add5-467442c0a636,2019-05-10 03:35:04.403,883.1,900
e98f8dcf-7543-4bc7-be4e-501ab84144e3,2019-05-10 03:35:05.763,260.73,300
a1b67232-81f1-4d92-9139-ea33b13f8b3c,2019-05-10 03:35:07.928,1069.66,1100
936995d6-e87a-4064-b2d7-2fb7d8319f66,2019-05-10 03:35:09.363,344.28,400
c07cc3a7-94ce-4fcd-90c7-b44aebf019df,2019-05-10 03:35:10.661,199.27,200
05d2c6be-7848-4c73-abbf-d08cef31efb2,2019-05-10 03:35:12.720,934.51,1000
51e898f7-f45d-4e8e-9293-26a6650bf6a4,2019-05-10 03:35:13.862,53.12,100
1fd3b966-82eb-411d-b52f-e88960155fd2,2019-05-10 03:35:15.423,458.9,500
749b1d77-162e-4ee6-b704-1c463def206c,2019-05-10 03:35:17.300,760.12,800
efbe1f10-960d-4f30-ac86-54b55d5e3a4b,2019-05-10 03:35:19.244,861.47,900
5fcee9f0-fca1-43c5-8668-2def33e07283,2019-05-10 03:35:21.500,1150.82,1200
6ad770a0-21dc-472f-ae95-ecaf21205b8f,2019-05-10 03:35:23.623,1032.38,1100
ef36a06a-4e44-4c94-a9f8-d89d99f11803,2019-05-10 03:35:25.021,304.74,400
4d94fa72-f27c-4163-9280-2ca1aec5649c,2019-05-10 03:35:27.141,1031.67,1100
96c60401-4227-4c47-900f-d0d6909d111e,2019-05-10 03:35:29.083,792.5,800
58bb9360-6005-4ca9-b96b-95c7468fa6bd,2019-05-10 03:35:31.204,1019.01,1100
3229d44f-199b-4b34-8f07-b6130b90fd66,2019-05-10 03:35:32.363,62.61,100
5744b6cf-f8cc-49a7-ac45-6c761e7d1fb3,2019-05-10 03:35:34.201,710.51,800
3f223c7e-db00-4377-9476-c5814fa875a3,2019-05-10 03:35:36.544,1234.96,1300
0dc88d7e-ff98-451b-b4b7-5368409febd6,2019-05-10 03:35:37.842,194.64,200
76fd400a-bd56-430f-9e28-1256a061e6d4,2019-05-10 03:35:39.122,171.28,200
e0b5b0bf-1ca0-4140-b40b-601ed54fb09e,2019-05-10 03:35:40.300,45.65,100
9b9dbc40-ffc2-483c-8790-def9f2556c90,2019-05-10 03:35:41.820,431.74,500
4540a0e7-ec16-4ca1-879e-5528b99c8582,2019-05-10 03:35:44.561,1640.14,1700
b4f251b6-fb6c-4453-9876-6ae2d19d6810,2019-05-10 03:35:45.780,67.38,100
6cd18dd4-1555-4243-ac95-6924ce2c8587,2019-05-10 03:35:47.103,249.68,300
ee08ecdf-9b91-42d4-b4ff-c6eadd83e9bd,2019-05-10 03:35:48.483,267.82,300
77f79b47-3b8e-43b2-9850-0429531df882,2019-05-10 03:35:49.660,77.63,100
54383ff9-e80d-4b42-a4ce-7e930adc888a,2019-05-10 03:35:50.803,71.46,100
9b8da7e3-4a20-4415-8e0f-e91139699e9d,2019-05-10 03:35:53.666,1430.88,1500
7603eb5c-edb4-4075-968a-d389725fd312,2019-05-10 03:35:55.321,568.49,600
59f035ce-b0bf-4299-bf39-4dbfdf0b596c,2019-05-10 03:35:56.662,235.37,300
679a0bfd-04a5-4cfa-bee8-6baf1449610d,2019-05-10 03:35:57.883,135.81,200
1598c38b-91d4-4eb3-b6bd-ec11843dca15,2019-05-10 03:36:00.400,1394.57,1400
a2ad12d8-e30d-458d-86ba-5259935a7cfc,2019-05-10 03:36:01.541,39.45,100
9575b1b4-4a8a-4920-afef-26cc882cb564,2019-05-10 03:36:02.864,221.34,300
e81fff63-a681-4518-a42d-e37a9894091f,2019-05-10 03:36:05.280,1315.51,1400
e7918380-3dac-448e-aebe-338a0f4556d5,2019-05-10 03:36:06.740,379.45,400
6e8e3601-4b7b-40c3-98d9-735998627b6d,2019-05-10 03:36:09.224,1405.39,1500
daece3e4-69ab-46aa-a3a5-cb9b6e8e81e3,2019-05-10 03:36:10.605,271.81,300
ed133441-645d-431b-9f47-fdbc3c27029e,2019-05-10 03:36:12.063,367.94,400
e1c4ef52-05a2-40f6-baff-cca4503e01a6,2019-05-10 03:36:13.262,99.4,100
d1982560-7d5d-4fd1-8677-ef04526ed945,2019-05-10 03:36:14.422,65.2,100
c657fc58-6ef6-473a-856e-7990ca094892,2019-05-10 03:36:15.603,91.61,100
7d45893e-25fa-49f8-9e75-65568120c97c,2019-05-10 03:36:16.925,120.43,200
0d16c950-19db-4b16-9318-b74f2a890cbc,2019-05-10 03:36:18.342,305.82,400
c2cfd905-033e-49f1-ab65-7be8a39a95a6,2019-05-10 03:36:19.563,109.57,200
72b89a6d-0873-4aaa-a13b-6c479f357e2f,2019-05-10 03:36:22.002,1344.93,1400
d89cce64-1984-4f74-b819-5ac0c296b0ea,2019-05-10 03:36:23.304,210.39,300
95a989f9-07a3-4ef4-b849-478fa62fadb7,2019-05-10 03:36:25.363,948.65,1000
24777ef7-efcb-412b-8662-828e9375ecb9,2019-05-10 03:36:27.641,1160.06,1200
75715e6b-2aab-46bf-a909-6d5d4f368d03,2019-05-10 03:36:29.522,799.89,800
691d3341-2af5-46f9-b897-c11c18390a90,2019-05-10 03:36:30.701,68.28,100
e7ae0602-8a50-4fe3-b254-9c2eebfc16eb,2019-05-10 03:36:32.664,878.94,900
008f5431-ce98-40cf-a94c-e9e60eae8205,2019-05-10 03:36:34.502,708.25,800
0b32d547-17e0-4c14-ab0c-931fb5ef3fd3,2019-05-10 03:36:36.222,625.89,700
b8e9ea53-0860-4fbc-9a65-78293dead1d2,2019-05-10 03:36:37.420,86.88,100
dfb51aca-2942-4db1-81a7-25f8a27c8f40,2019-05-10 03:36:38.560,41.86,100
e48be8b6-9c0b-471c-8931-1cec0b3071b2,2019-05-10 03:36:40.081,445.25,500
e698138a-76ac-401f-96fa-d8a8567a6918,2019-05-10 03:36:42.440,1234.22,1300
be0b7c2e-b280-45db-8a10-92d94b038d4d,2019-05-10 03:36:43.581,44.8,100
69b6dd37-6252-4f3b-a2ee-2fbde2b52d57,2019-05-10 03:36:44.921,233.86,300
892951e4-c80f-42c6-9f8c-79bea29c395e,2019-05-10 03:36:46.800,780.3,800
03dcc723-1237-46c7-b37a-14feaecf9c77,2019-05-10 03:36:49.182,1311.59,1400
ac0620c6-ef43-46f7-97bc-4209538750c5,2019-05-10 03:36:50.463,195.87,200
1844c2e1-c7f2-46b0-9b68-8ae9ea0463f1,2019-05-10 03:36:51.660,98.92,100
57f25fa6-e87c-4dd2-b262-6e2e89b82381,2019-05-10 03:36:53.740,972.82,1000
7b6eb0f7-1c2e-46f2-94cf-16573e9094c6,2019-05-10 03:36:56.003,1197.04,1200
8ebadf1a-1242-4203-802b-ba6bb1eba071,2019-05-10 03:36:57.982,865,900
1f9fa787-1031-4fb3-aeff-b2c8524c9c43,2019-05-10 03:36:59.443,342.35,400
fe08da91-f5fd-4f4a-8db8-82e8b6efdfc5,2019-05-10 03:37:00.720,180.08,200
8d4c3350-2a60-40e5-b6b0-7232a60143e1,2019-05-10 03:37:02.240,431.15,500
8828ef4e-3e38-4857-9e8c-bd5f43ec1cb5,2019-05-10 03:37:04.485,1177.34,1200
23d8dc79-eaf6-4bde-9c0b-fe6cb6a9cadb,2019-05-10 03:37:06.443,855.1,900
a504b575-6bd3-449a-a9a1-ebe6bc90fd9c,2019-05-10 03:37:08.488,961.26,1000
505f4fbc-c93b-47b4-8a5f-af5d250d987f,2019-05-10 03:37:11.020,1424.94,1500
79377840-f621-4802-8ede-1b6c8defe11d,2019-05-10 03:37:12.200,85.25,100
19c80fe0-3082-48dc-babc-8ab253218d6e,2019-05-10 03:37:13.420,133.97,200
fe64f6fb-19d8-4469-8971-d5ee920b907f,2019-05-10 03:37:15.984,1495.36,1500
7f4ed7a4-e583-4005-a927-92848637f602,2019-05-10 03:37:17.880,784.39,800
775b5966-f719-4dc4-9175-5eea6200203e,2019-05-10 03:37:19.004,61.13,100
7c73bf2f-0153-44f3-9ba9-8ff05d01e2fc,2019-05-10 03:37:20.720,614.69,700
c7c02678-4a43-47fb-8c3f-456a61b9a7a7,2019-05-10 03:37:21.883,97.21,100
52dcc13b-bbef-4c95-9a76-6d674a90dc72,2019-05-10 03:37:23.341,370.42,400
cf9ce34a-fccf-407f-8594-c74666f6ab79,2019-05-10 03:37:25.340,887.77,900
20b7c0e3-7eec-4158-b0ca-bc11848e8296,2019-05-10 03:37:26.502,85.21,100
690ad23f-ecc8-41a6-9937-b8e3bf61bb8f,2019-05-10 03:37:27.923,334.94,400
e8fac53e-ac22-4924-98da-62e7d550c3fe,2019-05-10 03:37:30.060,1033.92,1100
99985cfb-8973-48c3-b9aa-524d464648d1,2019-05-10 03:37:31.241,119.76,200
1e639006-7cad-4c5d-b95d-0816a1f64327,2019-05-10 03:37:32.422,98.16,100
2a569043-d36f-4ec0-becb-7454912e6b7a,2019-05-10 03:37:34.000,480.02,500
4696b5ec-be19-4752-819d-88034ba60a1f,2019-05-10 03:37:35.860,761.44,800
a0c5564e-809b-4310-bf58-f422372cd2b2,2019-05-10 03:37:37.620,679.31,700
9c3db453-545c-4286-8811-0f656ec9ce0d,2019-05-10 03:37:38.780,72.12,100
be15d899-d9f7-4bf3-a680-17db02d6184f,2019-05-10 03:37:40.640,752.8,800
859057f4-c25c-4949-a065-576910a2442f,2019-05-10 03:37:42.522,809.36,900
e6e3608c-c440-4c21-880b-e367fc56e232,2019-05-10 03:37:44.961,1351.74,1400
ad9eda16-fc82-42ac-a4a1-458a36fe6900,2019-05-10 03:37:47.040,985.41,1000
0a6c78e5-d788-45bb-ba12-b3be937a2e3b,2019-05-10 03:37:48.201,74.9,100
e046ef6d-e6cc-4e66-940f-2d410b8b2f21,2019-05-10 03:37:49.663,356.25,400
3ffc7a44-26e2-49bc-8a54-c02ca1c5fd24,2019-05-10 03:37:51.525,780.25,800
f320a970-47dc-413c-a0fa-390005b26aa4,2019-05-10 03:37:53.980,1352.78,1400
9312d95e-2d2d-4664-a132-d9a6a06c809e,2019-05-10 03:37:55.100,45.63,100
c02bbebf-85f6-4b2f-a30e-b7a87b2af2ed,2019-05-10 03:37:56.240,46.89,100
3fb3b499-8f96-4599-ac01-70c768d8d9a2,2019-05-10 03:37:57.980,657.34,700
17aaa03d-e794-4633-8b4d-9fa904f17f00,2019-05-10 03:37:59.663,602.97,700
f708d146-8a61-4676-a397-152b2d25b605,2019-05-10 03:38:01.984,1235.76,1300
2699b87c-bf00-4bbf-a9d3-faa2be51d56b,2019-05-10 03:38:03.900,822.74,900
4eab50fe-c7c4-4af7-8d12-c7cb4c92a395,2019-05-10 03:38:05.022,51.98,100
4bd733fe-faf0-42c7-8865-256093ade79e,2019-05-10 03:38:06.441,341.8,400
cfa4e9ce-4c0c-4cc9-93aa-58b840af3d5e,2019-05-10 03:38:07.680,138.03,200
9be1f35e-dba2-4030-ace6-f07e41ba625f,2019-05-10 03:38:08.960,201.31,300
c36e0dff-bd14-4e29-9740-5e673b47eccf,2019-05-10 03:38:11.160,1087.14,1100
866c39d6-f718-43c1-aa4b-6a6d25db2ce6,2019-05-10 03:38:12.560,243.35,300
862e702a-9002-4305-b032-bc70afad0e0e,2019-05-10 03:38:14.300,636.75,700
43f7f181-27fe-435a-ac1d-e5f021f2c62f,2019-05-10 03:38:15.441,71.89,100
767da96e-d38d-4f2f-b120-5803eb770422,2019-05-10 03:38:17.961,1432.18,1500
ea6d8eb0-9513-4618-af12-3cfcbe165e5c,2019-05-10 03:38:19.221,159.28,200
3bfa44a2-17b6-4487-8512-f009c113ca34,2019-05-10 03:38:20.524,190.51,200
d3d5f4ad-bf98-424a-8fa2-4d252c88995f,2019-05-10 03:38:22.841,1226.46,1300
ecdf09cb-23e7-4584-aead-44e01f5ee462,2019-05-10 03:38:24.842,903.79,1000
d854cf05-1091-4532-9286-a35dafd25c15,2019-05-10 03:38:26.583,621.6,700
d3f271c4-2ea7-49c0-8f81-53175e31bb83,2019-05-10 03:38:28.042,360.4,400
ec158c2e-80d3-4a2a-b373-5cfba868cb6e,2019-05-10 03:38:29.202,53.23,100
8c4d0b78-f34e-46aa-8ba4-cbd61d6104e5,2019-05-10 03:38:31.022,732.27,800
3b1ac6a5-c67a-4f83-8f93-88cf0358f57b,2019-05-10 03:38:32.301,190.39,200
fe445a4a-455e-4bb7-aeed-9e42239c2f47,2019-05-10 03:38:34.021,612.47,700
40573221-5415-4960-927e-d4f05d0455bb,2019-05-10 03:38:35.900,789.36,800
cd5e9575-6616-4e34-8c4d-4584deb1f253,2019-05-10 03:38:37.921,931.15,1000
433c3ae3-114e-49c8-8f00-e5b755ccb404,2019-05-10 03:38:39.702,703.75,800
8c90cfd7-70c2-4461-9c5a-aab9628f7273,2019-05-10 03:38:41.020,219.71,300
2fba4f11-0dd8-4891-9671-0e2b3f0e3cea,2019-05-10 03:38:42.164,56.98,100
d89e16fe-fbb4-4a7e-9fce-b9ef864c0561,2019-05-10 03:38:44.380,1118.06,1200
a338c69c-e9f8-48c5-a24b-ae96ae0e85a7,2019-05-10 03:38:46.000,526.54,600
cce75420-596e-4936-aace-821c3f5f696b,2019-05-10 03:38:48.462,1389.86,1400
ea6ca4fc-ddc3-4f61-a6ec-76cd98ada985,2019-05-10 03:38:50.342,788.54,800
9fd1cde6-6074-4057-b770-177cfb6d39ad,2019-05-10 03:38:51.723,289.44,300
bafadc7b-b103-4205-bce6-4e67f97c6a42,2019-05-10 03:38:53.262,179.25,200
59301c99-874b-4d3c-acab-d59dada7483e,2019-05-10 03:38:55.222,856.82,900
609ade26-dd07-40c0-801e-be2980a9bb17,2019-05-10 03:38:57.622,1305.77,1400
cc9ce427-4ae5-4a29-bf78-fc1837064862,2019-05-10 03:39:00.362,1581.98,1600
b45b53f9-0dd6-47d3-b817-c13edfdcc8fd,2019-05-10 03:39:02.220,726.64,800
c5ec08cc-d457-4eef-89f1-7926cc43443d,2019-05-10 03:39:03.563,265.36,300
f47e7f1e-9ca1-4c84-911e-abcb4a80c1f0,2019-05-10 03:39:05.403,726.6,800
a582ff1d-4120-472b-be9e-57aba21de056,2019-05-10 03:39:06.940,424.3,500
79429eb9-6f77-4dc0-9f3b-e9575c423e9e,2019-05-10 03:39:08.882,860.52,900
68ec0258-ac4f-4823-ab2a-1ff26aaee717,2019-05-10 03:39:10.123,146.25,200
78604832-8f57-4dc3-ad6c-44049599953d,2019-05-10 03:39:11.520,203.25,300
903b4188-8926-4871-8cb7-4c602f585804,2019-05-10 03:39:12.942,337.49,400
ffcd9f9d-8090-412e-b1f6-5f0367a143a6,2019-05-10 03:39:15.442,1386.77,1400
fc32160f-4683-4674-a192-89c8aeb0440a,2019-05-10 03:39:17.420,867.6,900
4e02d8fc-fcc0-44de-bbee-0e45f9314ba3,2019-05-10 03:39:18.540,40.73,100
13ee544a-0702-4931-93d8-50d53749bb16,2019-05-10 03:39:19.880,239.27,300
a5f00f9c-4015-478e-b52b-7f39922fd5d7,2019-05-10 03:39:21.721,766.71,800
0ef28ee7-f59c-47a6-afb1-7ace7f8d2d4c,2019-05-10 03:39:22.924,107.18,200
f7b64e16-4332-4db0-a7ae-a39c18977c67,2019-05-10 03:39:24.061,44.83,100
a9ba647a-17c0-459e-8fc2-1274ab1a971f,2019-05-10 03:39:25.204,52.95,100
073aa494-8054-4f6a-9dc7-a2df65b14e3f,2019-05-10 03:39:27.361,1039.75,1100
59f300a5-1c30-47ef-913e-c01ebef11370,2019-05-10 03:39:28.940,466.72,500
7daf71d6-4857-4c5c-8b04-14fa0160c7bf,2019-05-10 03:39:30.520,497.35,500
5dec5ae1-cc47-42e4-ae3c-a8af86c7ced1,2019-05-10 03:39:31.780,185,200
cb868887-e55b-4922-ae6a-505d39ee392c,2019-05-10 03:39:33.487,630.9,700
56e0b997-b586-4461-99e6-b3d82ca48049,2019-05-10 03:39:35.283,707.53,800
62813544-3a16-4029-a88f-e3ac5f9aab84,2019-05-10 03:39:36.720,327.09,400
fa6fe93c-95db-4458-898a-4a6a2f2f8f05,2019-05-10 03:39:38.000,169.31,200
aa9a39d7-fdf4-4c62-9d8a-7d788334abd3,2019-05-10 03:39:40.304,1211.29,1300
5777549b-1e29-4422-898f-d5b28d466877,2019-05-10 03:39:42.740,1311.61,1400
571b19dc-7cf3-4c77-9fed-3ee5d5e26379,2019-05-10 03:39:44.421,613.65,700
a8eb1747-bb9e-41c8-99bd-31c9b38d52f4,2019-05-10 03:39:45.564,50.55,100
2fdee32d-b0bb-44af-9495-b34ea0f4ee30,2019-05-10 03:39:47.364,717.04,800
288737b1-86a6-4f57-b163-4c63cada8647,2019-05-10 03:39:49.644,1165.25,1200
29499568-b8ec-434f-87e6-9d9a515cad50,2019-05-10 03:39:51.541,799.87,800
b7f122b4-3fff-4166-bb87-3ad2450cbaf6,2019-05-10 03:39:53.020,375.83,400
a536ae0d-070b-4392-b77c-59f7c0b9fb6e,2019-05-10 03:39:55.004,884.58,900
dbfa5e6d-05d2-4bc0-8280-4916af764cc2,2019-05-10 03:39:56.146,52.09,100
d857e9b5-97df-4855-9b25-a159610f9ec9,2019-05-10 03:39:58.564,1328.82,1400
4b1d26fd-9f19-4530-9db6-54e939878080,2019-05-10 03:40:00.027,345.34,400
6e9fdad0-d012-44d3-9dbe-13fd179cb098,2019-05-10 03:40:02.203,1089.23,1100
aec9dc9f-54f3-4c3d-a105-414c34f5718e,2019-05-10 03:40:04.282,994.16,1000
9f866cbc-e2e8-442e-be1a-fa6c18f0f92c,2019-05-10 03:40:05.661,282.35,300
82ee8d41-036a-4a59-bd3b-4723f763e52c,2019-05-10 03:40:07.221,458.46,500
c20101ca-0f9b-45f6-8965-deef3421becc,2019-05-10 03:40:08.623,310.99,400
026602cf-bbde-4a77-9f3e-c910f3112841,2019-05-10 03:40:09.824,107.08,200
09bfcec2-349e-4fae-8fb7-c08fa39102b0,2019-05-10 03:40:11.004,90.75,100
579b7f30-365b-4783-ae96-741f24e06680,2019-05-10 03:40:12.302,201.7,300
7275a756-d6e0-4102-a1c1-06f461bab0d7,2019-05-10 03:40:14.223,812.41,900
6f7f24d7-af59-4b81-a7b1-e45ced21749f,2019-05-10 03:40:16.665,1360.33,1400
e7b5baa6-1797-4735-a42d-8d117c2f5516,2019-05-10 03:40:17.861,110.92,200
34199b6f-11ab-4d15-b217-5065ea7b1520,2019-05-10 03:40:19.020,41.14,100
7d54a34e-ed9b-4af4-9c73-15ee854d4d1c,2019-05-10 03:40:20.360,257.42,300
2cf95d5f-6a9d-4480-8e58-8bb2bb275eb9,2019-05-10 03:40:21.600,153.04,200
c90d482b-a09a-477d-a478-3a8e93d31ed8,2019-05-10 03:40:23.023,353.64,400
e1139d20-ef54-4e9d-9071-de7780149d68,2019-05-10 03:40:24.302,184.17,200
cbf8fddc-824c-4681-82bd-730930683e53,2019-05-10 03:40:25.442,48.23,100
b4bcd7e1-ccb6-4745-8d1b-64ff3ee38c0f,2019-05-10 03:40:27.644,1121.2,1200
ba7610c0-4fa7-4950-bcd6-e794d303b9f4,2019-05-10 03:40:30.203,1469.84,1500
e71415aa-a9e9-4a31-bae4-cfbf3854259f,2019-05-10 03:40:31.984,696.92,700
9b5e653f-479a-4b15-b724-1f87af8bfcc3,2019-05-10 03:40:33.202,121.4,200
c832cc3a-8de2-45be-8aaf-eca9390fab11,2019-05-10 03:40:35.148,848.66,900
63b054ed-1bd4-4a1e-9e5a-92c07b08835c,2019-05-10 03:40:36.301,74.62,100
b36cf03d-71ba-4385-84cc-ce562a0ce0c7,2019-05-10 03:40:37.644,249.96,300
1afef9b7-fba9-43be-a827-fb672291eb2b,2019-05-10 03:40:39.063,335.23,400
cab2ced6-2ad1-4b93-87f6-feb4ba685eb7,2019-05-10 03:40:41.541,1391.87,1400
54a2b2c5-0065-49e5-9b45-7b4e4f03af30,2019-05-10 03:40:42.702,77.15,100
99062e77-b0ec-46fd-8c7f-8440c370bf46,2019-05-10 03:40:44.303,514.49,600
5be3ec70-d7d4-400e-8011-e79978bea847,2019-05-10 03:40:45.443,46.5,100
46b5a00f-0ae0-4a30-9398-22e9bd932781,2019-05-10 03:40:47.801,1280.91,1300
11770288-62c7-4010-9149-cfc09132d739,2019-05-10 03:40:49.603,719.61,800
1f9e047f-0f67-472b-a1e5-46d7ffe402cd,2019-05-10 03:40:51.543,859.43,900
59020373-6e79-4ee4-82cb-e541937cf9ce,2019-05-10 03:40:52.925,304.7,400
bcc90530-e872-435e-9a05-cad4ebcc7b2e,2019-05-10 03:40:55.540,1502.37,1600
5a61ff48-2803-4a18-af9c-666fc809c477,2019-05-10 03:40:57.120,490.47,500
c4915bdf-cee9-44f0-8548-260bf1358965,2019-05-10 03:40:58.382,183.42,200
f562cc8b-16f8-4a9d-9c8e-e49bf47bf7f3,2019-05-10 03:40:59.541,79.98,100
fac343c8-be64-4775-9e46-aaa9fcde9efe,2019-05-10 03:41:01.763,1144.79,1200
e0710b52-da8d-454c-9906-271369fe314f,2019-05-10 03:41:03.563,717.14,800
61a11c80-ab79-4095-bbc6-c22640e93924,2019-05-10 03:41:05.524,883.32,900
a2e921a7-6c18-404a-9900-2aa75bafbe60,2019-05-10 03:41:07.740,1102.02,1200
a8f9f532-4220-49c5-97fa-5d242c38d417,2019-05-10 03:41:09.761,840.75,900
a9fbc907-a794-4eba-828c-74c606463673,2019-05-10 03:41:11.301,457.76,500
563365ed-6702-43f1-8178-c080112e6cc0,2019-05-10 03:41:12.484,82.55,100
a138a902-4dbc-484f-9af9-123e3b7fac60,2019-05-10 03:41:14.560,964.86,1000
5c6c9aa6-9889-454e-b989-1faf1d3acdf7,2019-05-10 03:41:16.343,706.97,800
0c7e0459-1b20-4470-aae6-a400ca499c2b,2019-05-10 03:41:17.620,148.04,200
42f43060-d82e-4b22-85f6-808253b62adf,2019-05-10 03:41:18.922,223.97,300
d347d9b4-8578-47eb-8c12-f150ad4fa30a,2019-05-10 03:41:20.160,121.17,200
2723c4ac-bd96-44e8-8945-7fa11d354a3b,2019-05-10 03:41:22.082,849.92,900
4a42fb17-7d48-4ab1-bf8e-d4677ff5423f,2019-05-10 03:41:23.320,111.72,200
99333351-69d1-42a5-937c-3863301ce3d2,2019-05-10 03:41:25.480,1070.42,1100
86297972-e4bf-4110-a118-ead237dd3603,2019-05-10 03:41:27.645,1061.04,1100
af9d507e-9dfa-4bca-9b36-9854afb99515,2019-05-10 03:41:29.900,1134.52,1200
76091a51-1214-4156-9157-e257ad1c969e,2019-05-10 03:41:31.104,108.01,200
87b3460f-bd69-445d-b20d-92094315ecf8,2019-05-10 03:41:32.324,114.4,200
0b3e8522-c1d7-483c-aaea-6f8b7934237a,2019-05-10 03:41:33.462,30.51,100
5d201c3c-045d-483f-996d-0107ff49fb5a,2019-05-10 03:41:34.842,283.25,300
a0c615f0-f748-4d73-a5f9-542673eee103,2019-05-10 03:41:36.041,89.47,100
7067ccf9-06ce-468f-9276-666b8eda2507,2019-05-10 03:41:37.222,96.31,100
3314018a-c6af-4068-9648-f9f0394a6152,2019-05-10 03:41:38.463,124.37,200
5089ca10-b588-433c-bceb-0076f6a7b176,2019-05-10 03:41:40.281,693.35,700
52f2d842-3b1e-46ab-84a3-243788a4c440,2019-05-10 03:41:41.503,87.98,100
f288db06-a780-4fb7-8b1e-8fa760ae9293,2019-05-10 03:41:44.000,1398.04,1400
39881f89-b5f6-4247-abed-5a1cf1057069,2019-05-10 03:41:46.304,1224.97,1300
81034ab0-99e7-4696-bf3c-fd6eeb3ccd8c,2019-05-10 03:41:47.583,169.72,200
39193584-a5d2-428d-b9df-094127cc676e,2019-05-10 03:41:49.123,453.09,500
6d182e5e-4899-4352-958b-69804a3fac6a,2019-05-10 03:41:51.364,1152.67,1200
e14ea837-7309-4062-a5c2-e67061168060,2019-05-10 03:41:53.240,761.63,800
dbf7bcb9-974a-414c-a80f-7a297f126f68,2019-05-10 03:41:54.881,541.14,600
c3960203-45df-4b0c-aea3-08da925c073c,2019-05-10 03:41:56.223,248.74,300
aa2dd350-a2d1-4221-ad13-e7f1cf77495d,2019-05-10 03:41:57.740,392.94,400
00c12095-2042-416b-bc7b-1fa1cd879d5a,2019-05-10 03:41:59.441,619.11,700
7cef2478-33a8-4349-8b19-dc864650d012,2019-05-10 03:42:01.924,1358.63,1400
c8bcae25-8309-4285-87ce-e251444beb08,2019-05-10 03:42:03.061,29.45,100
ee02bb7a-f6d1-4dcf-b41d-e24f68527d81,2019-05-10 03:42:04.260,88.85,100
938799d5-a292-4f1f-a6ae-4880d0a9c68d,2019-05-10 03:42:06.745,1399.56,1400
8d9bf8f4-0d91-41fc-b98b-3a5da5d7139a,2019-05-10 03:42:09.143,1276.08,1300
06b3083e-1d14-4139-84c8-109c076a6401,2019-05-10 03:42:11.582,1345.45,1400
f852f574-4688-4b5f-a01b-c4145682a6f0,2019-05-10 03:42:12.941,257.32,300
5d837f29-9cf0-4f27-a1fb-89df1b542f05,2019-05-10 03:42:14.780,714.46,800
8e59db2c-8eb4-4ccc-bfcc-10a9d0a76575,2019-05-10 03:42:16.182,329.66,400
44dae6c7-9d33-42e8-8156-b96346028433,2019-05-10 03:42:17.681,406.14,500
dd929638-416f-416f-a462-83248e8725b1,2019-05-10 03:42:19.020,147.73,200
c2de96ed-6f0b-4855-839f-91220f7cda65,2019-05-10 03:42:20.902,802.5,900
bdb33f8d-dc77-4aa9-86b3-bb1c2a953ca8,2019-05-10 03:42:22.040,22.17,100
24af1119-e198-47cf-8d53-3fc7e269287c,2019-05-10 03:42:23.160,41.27,100
4ceecdb4-2b8f-4c81-8216-009287375d0d,2019-05-10 03:42:24.642,395.53,400
cd92cbd5-6559-4a9f-a694-1056bd56d76f,2019-05-10 03:42:26.122,397.58,400
c68bd0ff-162c-4941-8cb4-d4fed86f05d2,2019-05-10 03:42:28.004,767.9,800
08a2f6dd-4e7d-4020-b1da-d279dc43975a,2019-05-10 03:42:30.500,1388,1400
7f351f38-7d67-4fd3-bcc1-90c13a646f58,2019-05-10 03:42:31.643,58.33,100
a139634b-607f-43af-b91b-f8e4ce5f7a00,2019-05-10 03:42:33.120,373.55,400
4865675a-1ed2-48a6-b0ca-249e8fac3301,2019-05-10 03:42:35.640,1414.76,1500
a459b09f-6669-4b7e-834d-4c6cf7aafc07,2019-05-10 03:42:37.524,807.82,900
1f8ddf67-1539-42b7-947b-03c6e86ad360,2019-05-10 03:42:39.403,776.45,800
cb82d714-f3a5-481f-835b-9d2f7a24fc94,2019-05-10 03:42:41.220,703.3,800
66319ed0-ac39-404a-a3ee-a78e0fdd9e9b,2019-05-10 03:42:43.664,1378.12,1400
68a13eb4-13fd-4fb9-9700-da32fa5d75db,2019-05-10 03:42:45.462,701.49,800
73820c47-e8e5-4ded-8c54-b98deb77404b,2019-05-10 03:42:47.144,597.12,600
c3e555d3-b30b-402e-bbf6-e9f5c6c44081,2019-05-10 03:42:48.640,385.6,400
02f561d7-a1d0-4970-8f4e-9c7a7180bcfb,2019-05-10 03:42:50.843,1108.72,1200
923535c9-caab-42bd-ad49-18501efb37f0,2019-05-10 03:42:52.121,192.51,200
d2bbc324-d040-47be-9db5-b9bb571568d4,2019-05-10 03:42:53.380,140.06,200
6cbead83-55e6-4474-8652-670fac4f9f59,2019-05-10 03:42:55.361,882.1,900
852bf938-61f8-4403-95c9-b88740dc21a3,2019-05-10 03:42:56.503,45.79,100
9c8cf0b9-768d-4d09-be44-e7ab85bf2472,2019-05-10 03:42:58.421,819.7,900
05389dfa-d2e1-4d77-912d-8708b106ace7,2019-05-10 03:42:59.882,369.67,400
9afae203-c07c-411e-8b1f-9465b7b05457,2019-05-10 03:43:01.081,96.58,100
a07e09fa-7665-4625-a4ee-77d554164ccb,2019-05-10 03:43:03.047,879.13,900
2bf716f1-f1d2-4ac8-8e4c-0db81d1194cc,2019-05-10 03:43:05.222,1074.91,1100
8cd9a7d9-e06a-4083-87da-0e4f6c4bd53d,2019-05-10 03:43:07.140,807.13,900
1810fab0-b4e3-46d0-8b8d-0a26ada07e45,2019-05-10 03:43:09.621,1394.27,1400
e6b5d195-b2cc-4ffc-bc46-2e222c663aec,2019-05-10 03:43:11.443,734.47,800
394d5caa-b9b5-46e3-ae5f-320d55dde3ab,2019-05-10 03:43:13.425,896.08,900
52cfc413-22ae-4660-b17b-4d4523120143,2019-05-10 03:43:15.583,1046.05,1100
a0382c33-3edc-4c23-bbfb-6a0c4cc862ee,2019-05-10 03:43:17.380,695.98,700
9d044b19-c2e5-487a-94d5-d52cc888dae4,2019-05-10 03:43:18.700,222.95,300
583aa522-264a-41a9-995c-6c8458f3e6bb,2019-05-10 03:43:20.121,349.45,400
09ef24cd-2ed8-4b27-bdd3-da69cbfb7400,2019-05-10 03:43:22.044,813.85,900
c574a5c1-bec9-46e1-a95a-2cf803d98c24,2019-05-10 03:43:23.183,53.9,100
bd948f35-7987-4da5-8d2d-b341ade6446e,2019-05-10 03:43:24.724,433.13,500
ce11b384-7567-4639-8eb5-3973d5f88087,2019-05-10 03:43:25.843,38.82,100
7805678c-f4bf-41a8-9310-d3ea0d080a95,2019-05-10 03:43:27.062,135.3,200
43278bb1-5451-4016-a92f-02430773f982,2019-05-10 03:43:28.500,330.81,400
2bc6fc86-954c-48c4-b2b8-dd4ab0dfd613,2019-05-10 03:43:29.702,126.28,200
806ced46-2e44-463e-916c-5f154312b08a,2019-05-10 03:43:32.024,1235.59,1300
b98d82ef-b403-4a87-b119-7702d22999b9,2019-05-10 03:43:34.165,1000.26,1100
8b1b6fe8-b3da-44fb-98fb-ec8c3f71d054,2019-05-10 03:43:35.702,452.43,500
8bd03555-b186-4998-88ab-d99ae90f8de0,2019-05-10 03:43:36.920,114.1,200
4fadfdc0-9086-442d-9cb0-f03641c66d56,2019-05-10 03:43:39.083,1098.78,1100
6996f01c-5027-40e1-9f87-87ac3e69f353,2019-05-10 03:43:41.420,1238.67,1300
1d9c65dd-9125-4b0f-a16b-0360e48d0cb2,2019-05-10 03:43:42.602,120.63,200
7116ce09-5566-4bfa-92a9-d09f9b2a0bed,2019-05-10 03:43:44.660,960.3,1000
58433031-a6e4-4faa-9ed3-888b19b3bbd4,2019-05-10 03:43:46.660,908.56,1000
c4f0787b-b475-480c-b5cb-7b59fbd372e2,2019-05-10 03:43:48.460,719.09,800
39c244d7-2ca6-4194-aa21-8de774656e12,2019-05-10 03:43:49.642,93.68,100
1b7c70f6-23da-455b-b03b-4418e3c92937,2019-05-10 03:43:51.701,975,1000
7dfdbfb3-97e2-4907-b07a-063f5fe76d20,2019-05-10 03:43:54.162,1374.43,1400
add54521-f913-4282-9a9f-22a61ddd2b9d,2019-05-10 03:43:55.800,536.04,600
3a3136a8-3a0b-4de6-8c14-187227548221,2019-05-10 03:43:57.261,373.19,400
11c95bda-b63c-4b3a-b285-a95f38e59d4a,2019-05-10 03:43:59.503,1154.63,1200
153c6538-ea09-4493-a88a-20c56e0de8b5,2019-05-10 03:44:00.846,239.52,300
c2fea45a-0d17-4e68-a78c-3039452af6c3,2019-05-10 03:44:01.983,53.84,100
e396add1-f05d-4902-9e5f-ef9e3696224a,2019-05-10 03:44:03.640,555.68,600
e357f2b2-5e48-40f7-912f-b56ba95b8644,2019-05-10 03:44:05.980,1227.81,1300
e903585a-4cd2-4c3d-9435-1b97c3531130,2019-05-10 03:44:07.602,554.39,600
81d6f8f8-0474-43e5-b17d-865c210df918,2019-05-10 03:44:08.921,211.4,300
5a7ebafd-08e5-4394-8457-9ceab3f077c1,2019-05-10 03:44:11.200,1158.89,1200
e59e1614-769c-47a4-ad8c-9359246df019,2019-05-10 03:44:13.583,1294.52,1300
030d917e-4068-4061-9479-b688844206f8,2019-05-10 03:44:14.782,59.75,100
9cfdf136-87e2-4eea-8742-c469814fbe8f,2019-05-10 03:44:16.768,846.4,900
28a35722-a540-4ef4-9ec6-91bdcfe245e0,2019-05-10 03:44:19.123,1257.73,1300
97bb2864-24d0-487d-b4cb-eb706d21fda4,2019-05-10 03:44:21.560,1331.46,1400
83ece5a4-dd29-45c1-b989-4ecb28359b6d,2019-05-10 03:44:22.803,113.01,200
b697a9c8-0c43-4035-9a89-a6281b70466c,2019-05-10 03:44:25.002,1112.47,1200
50f850a9-fe5d-47ea-90b2-f2e7a0d4e535,2019-05-10 03:44:26.540,436.37,500
4b460a67-1e56-4f3f-9c92-819c83fa6b7a,2019-05-10 03:44:28.680,1063.95,1100
3a2bfe11-06a4-43b7-a036-f89271c3b18d,2019-05-10 03:44:30.100,305.79,400
7eb26451-5193-40c1-8269-67d30e0ec527,2019-05-10 03:44:31.204,35.13,100
7df303fa-b6a6-495c-883a-cf99bf500fb3,2019-05-10 03:44:32.541,247.38,300
bbfd1ec3-1bc3-4602-9e73-25fd8589e6bb,2019-05-10 03:44:33.740,60.08,100
21245511-183c-4a79-96a4-88ca2b544d4a,2019-05-10 03:44:35.560,721.76,800
496f927b-f785-4e53-a8d6-2f6e4a846537,2019-05-10 03:44:37.802,1144.01,1200
32af3ab1-4f61-4c7a-9c22-2301bcd94aa0,2019-05-10 03:44:39.021,42.49,100
64997b6c-f965-4aec-bf8f-c8dd6ea611d9,2019-05-10 03:44:40.181,60.64,100
24da4efa-ade3-4db6-91ef-c85f271e2019,2019-05-10 03:44:41.300,26.41,100
71a0c404-294e-4f73-b051-3c99328c84d1,2019-05-10 03:44:43.040,645.87,700
65b6c7c9-c719-4fdb-9a65-7b1eec9f2e73,2019-05-10 03:44:44.401,266.56,300
cff584f9-0b53-4a08-bfc8-c046518cabd0,2019-05-10 03:44:46.261,763.47,800
1f848bd0-5b6b-4362-8a5b-c8abce3b4c71,2019-05-10 03:44:48.521,1163.85,1200
f09a6274-9132-4397-b449-ef2f54a3ac7d,2019-05-10 03:44:50.803,1195.27,1200
c421efb0-b14b-4581-85d3-cd1e83486992,2019-05-10 03:44:52.663,761.48,800
568d6cc3-0ed0-45fb-b403-ff4ffc250466,2019-05-10 03:44:53.902,129.52,200
baa241fe-ae3e-4be8-ab17-088b078ab3cf,2019-05-10 03:44:55.481,480.01,500
7d14ef01-2d47-45c7-b9cb-2a328cd216a0,2019-05-10 03:44:56.640,38.99,100
d9c810e0-e6fc-484e-8999-e5cd00036617,2019-05-10 03:44:59.063,1343.53,1400
e244aeb1-0596-4a77-9941-87cbaeaf9e8e,2019-05-10 03:45:00.284,136.49,200
fd118ce9-cf85-4d4b-bc87-5c6a05cbbcf3,2019-05-10 03:45:02.340,762.82,800
72681637-b8fa-417d-9a84-20c893af5206,2019-05-10 03:45:03.520,88.74,100
ca944a87-8c91-4455-b5d9-aa367905d954,2019-05-10 03:45:05.840,1238.98,1300
e9566953-e046-465b-a0ff-f65ec6f4fb97,2019-05-10 03:45:07.822,912.89,1000
80514f8e-f9d9-443c-bb58-50ca38bb268d,2019-05-10 03:45:09.561,642.54,700
fa0f44c0-aab0-4f7d-b96c-60a3405fba37,2019-05-10 03:45:10.761,120.35,200
14511d7c-da8e-4c10-bcae-20bb162f40db,2019-05-10 03:45:13.028,1184.94,1200
eda31d8c-423c-4224-9287-a7d0f18d089f,2019-05-10 03:45:14.542,399.18,400
e9e7950a-7e52-4c4d-8cf8-c67aaf9068f9,2019-05-10 03:45:17.003,1132.46,1200
177f7222-cd41-4fa4-94bb-3fb3926d5770,2019-05-10 03:45:18.624,531.83,600
3982736e-1a23-4eb4-b84b-5eaac776f8c9,2019-05-10 03:45:20.880,1154.24,1200
fe0f82e5-026a-4ecf-9003-db77a2b92ccf,2019-05-10 03:45:22.741,794.19,800
20474aed-66c2-4337-b393-c95866cd409b,2019-05-10 03:45:23.862,37.34,100
63110de0-73ef-405d-95ef-3c7c1b47512b,2019-05-10 03:45:25.503,557.26,600
8afa8f2a-da7e-4fac-aa02-b17f11d85a05,2019-05-10 03:45:26.742,158.38,200
58557091-528a-484b-b736-eaa13d2764d5,2019-05-10 03:45:28.184,359.55,400
36943d89-0a19-4938-9b09-c1a9684e91a3,2019-05-10 03:45:29.980,689.47,700
93d70690-757c-4b26-8d31-b811e52e82b9,2019-05-10 03:45:32.281,1235.37,1300
c98a8680-7cf9-47c7-a264-d0220f76bc88,2019-05-10 03:45:34.722,1357.14,1400
c00566db-f0ad-47e0-b9d2-9582fc5f495c,2019-05-10 03:45:36.001,175.61,200
622db8c0-1202-42c9-a7cd-4771ec7c9dff,2019-05-10 03:45:37.183,90.77,100
b1c9dc20-0bd2-4e8a-97b9-847a6145b4d6,2019-05-10 03:45:38.422,141.61,200
6fa66754-2e27-47c3-b35b-bf9894cbf1c7,2019-05-10 03:45:39.542,41.8,100
2a947944-adfa-4045-bc3b-141882b8b207,2019-05-10 03:45:40.820,184.88,200
dec13054-7e53-4dfd-a0a6-220b4fa36c69,2019-05-10 03:45:42.263,377.23,400
1fc201eb-8fb2-4f63-933c-d76a3f1f877d,2019-05-10 03:45:43.380,18.66,100
11c1a8bb-7aa8-4c56-a1e7-2462e3ebe3b5,2019-05-10 03:45:45.120,646.22,700
a20bf022-b050-4e44-948e-b154a0d3bbf1,2019-05-10 03:45:46.682,480.1,500
89befe86-c04d-4cd8-bf6a-e3131dc9ceb3,2019-05-10 03:45:47.940,148.38,200
fd1c345e-f8d2-48b5-a983-09441cea02a2,2019-05-10 03:45:49.142,117.36,200
96f652af-f87d-4fd4-86a9-74c3751b2daa,2019-05-10 03:45:51.528,1310.44,1400
829e4cba-93c5-4568-b8a5-0dabb88b10cd,2019-05-10 03:45:52.806,192.56,200
7b23dea8-2a52-4bf5-9961-42acb481a379,2019-05-10 03:45:54.023,128.51,200
26d811b1-71aa-4148-a925-eb80b27be453,2019-05-10 03:45:55.663,520.72,600
f890f4f6-994d-45e8-8e4b-28cd671ca4bc,2019-05-10 03:45:58.280,1515.87,1600
7f200f31-10df-4488-9e5f-9949aea9009b,2019-05-10 03:45:59.562,211.87,300
8a5f1cd3-c7e0-400c-becf-a6b69366538a,2019-05-10 03:46:00.882,241.89,300
2ceda21b-5f89-4f84-8bee-4669ba886968,2019-05-10 03:46:02.600,600.08,700
4fcc96f0-58bb-4a28-8050-794d5160ee1e,2019-05-10 03:46:04.402,716.81,800
b037dfbb-802a-460e-a775-265686767478,2019-05-10 03:46:06.220,716.64,800
075dbc55-26a9-4f9b-a46d-81ef2f70e277,2019-05-10 03:46:07.344,58.02,100
359b618c-782d-4cfe-9fd3-ad6d0b086325,2019-05-10 03:46:08.480,49.04,100
8f1e4b03-8752-4d8b-aa27-0ca836fc7d56,2019-05-10 03:46:09.623,55,100
fe7960f5-8025-41da-bd7f-38e5d9c22987,2019-05-10 03:46:11.965,1254.62,1300
293ef48a-b2b0-4730-8b9b-8ce2f724e671,2019-05-10 03:46:14.362,1316.56,1400
32ad1451-472f-479e-a6d5-8fe2cef595a2,2019-05-10 03:46:15.823,318.29,400
2465a9d3-1959-4b39-8c1e-fe50807a7e64,2019-05-10 03:46:17.744,815.73,900
589afbcc-0d6d-4a23-bf22-422134651ebb,2019-05-10 03:46:19.583,733.02,800
3d459853-28a6-42e8-ac46-aad470f64dfd,2019-05-10 03:46:21.004,327.64,400
85a5439a-6113-4f67-b488-9992d62c34c7,2019-05-10 03:46:23.381,1288.41,1300
a1e10710-3ab9-4f04-9587-583d6254d04e,2019-05-10 03:46:25.540,1056.59,1100
dd56afe6-e116-4cde-b74b-b12899fbd46e,2019-05-10 03:46:26.800,172.7,200
5cdf543a-7afc-4133-9d27-d3e96d156320,2019-05-10 03:46:28.281,393.18,400
47484dc7-1011-417a-9a60-89f6bb514a9f,2019-05-10 03:46:29.422,51.86,100
e0ffcded-01ea-42b4-bc0d-89a12e5932fa,2019-05-10 03:46:30.763,243.45,300
38d50fc4-cfb7-4d56-94e5-e7963e00c740,2019-05-10 03:46:33.183,1323.55,1400
2ccfcd11-c19d-470a-b86b-17cbab2e155c,2019-05-10 03:46:34.402,114.44,200
094b6cf1-17be-48d4-88df-94328cad29dc,2019-05-10 03:46:36.760,1256.4,1300
d32763f8-d69a-4d64-a903-a02b45410aae,2019-05-10 03:46:38.100,238.12,300
ac2dd30d-ea4c-4316-add9-7b18bdc2c634,2019-05-10 03:46:40.122,956.15,1000
04e314bb-afee-4f5c-8953-3016161a5ccb,2019-05-10 03:46:41.360,122.81,200
5e220e2f-fd99-48f4-ab73-d58af69fc736,2019-05-10 03:46:42.703,278.15,300
61b85ff9-fa1e-476c-aa66-c7b5a47949ce,2019-05-10 03:46:44.542,755.98,800
26493144-4eda-4196-b697-983cabd4a22e,2019-05-10 03:46:46.241,613.49,700
1855940f-5c5b-4fe6-ae2a-a1374373de6d,2019-05-10 03:46:47.820,467.63,500
3134828e-1805-4d2d-a1aa-0772aa586b19,2019-05-10 03:46:49.742,843.84,900
68597e1f-75f6-4469-bbbe-997cbbacf0d8,2019-05-10 03:46:51.020,183.39,200
19de2951-efd6-4719-b37c-53fe8021a46d,2019-05-10 03:46:52.363,269.1,300
4cf8b0f9-5815-4b72-9bbb-103c2cfc7873,2019-05-10 03:46:53.523,80.36,100
f993efce-e550-473a-8eb5-1d89fc8fab63,2019-05-10 03:46:55.002,396.34,400
365f107b-82c7-48ba-9301-2a582f8ab683,2019-05-10 03:46:56.220,123.55,200
d1496fb7-079d-4357-ac99-8cc7851fa4bb,2019-05-10 03:46:57.522,232.94,300
71d6a4b0-acd9-4403-a908-a0d8f874db58,2019-05-10 03:46:58.683,74.83,100
a83c361a-34de-4a8c-a450-06e9c9cd4aca,2019-05-10 03:47:00.147,376.87,400
61bb9430-5e0a-4236-9e12-a89cac31e897,2019-05-10 03:47:01.760,511.36,600
ffc07b38-baa7-4704-aa61-495a00e0e140,2019-05-10 03:47:02.960,84.1,100
f2a638dc-4bbb-415a-96c9-9e044c09555d,2019-05-10 03:47:05.223,1190.29,1200
8a263821-e296-407f-b674-492d6f02e519,2019-05-10 03:47:07.464,1133.17,1200
24c4a2f8-ef06-41f9-afaa-d5bad1afedc5,2019-05-10 03:47:09.841,1254.71,1300
b1f38ef7-2a65-4f23-a0a9-163ad02d8244,2019-05-10 03:47:11.840,881.73,900
8ef99869-ad3a-4191-b530-2022996f1279,2019-05-10 03:47:14.081,1182.95,1200
37ac44ba-a78d-40bf-bf7d-4b5f52099287,2019-05-10 03:47:15.980,797,800
a90e4c21-8c6f-442a-aea0-703bf6252ac1,2019-05-10 03:47:17.102,33.19,100
0a9a7034-35f0-4f20-9bfa-9faca0adf0cd,2019-05-10 03:47:19.340,1125.71,1200
ecb10a63-d853-49de-b82e-6336d8d5a300,2019-05-10 03:47:21.664,1234.97,1300
ec7f41f5-c51c-498d-9c45-1979513e7a16,2019-05-10 03:47:22.801,44.01,100
888ea22a-2434-43f0-9a45-175fdb3b3dec,2019-05-10 03:47:23.964,60.48,100
0e7a1022-a4b2-4964-86b9-ba5e290cf20b,2019-05-10 03:47:25.820,762.9,800
ee9e895e-546e-4474-b804-30fc73a7d74b,2019-05-10 03:47:26.983,35.63,100
5da2cb4e-87bb-4bd8-8c15-fb638f0421de,2019-05-10 03:47:29.184,1099.55,1100
fa3381b5-3b31-4cc6-b09d-81a2e775f7ea,2019-05-10 03:47:31.460,1169.82,1200
e2430fce-f62b-47f4-98ed-82223f1f5af6,2019-05-10 03:47:32.982,444.13,500
11151ca5-cd4a-4c85-873b-7df8f253e7ec,2019-05-10 03:47:34.361,285.33,300
9e825351-1cfe-4f4a-b22f-644db140488b,2019-05-10 03:47:35.540,76.39,100
b48a4c6c-f019-4fe3-8ea4-9261ed48ede8,2019-05-10 03:47:36.881,268.21,300
297242f7-d445-44a2-94aa-25387bee2268,2019-05-10 03:47:38.040,50.61,100
ea25a8be-8bfc-44bb-80ce-c2bd0058146e,2019-05-10 03:47:39.643,511.67,600
6533672e-bef1-4a95-9a85-d3d66d7a0df0,2019-05-10 03:47:41.263,510.8,600
2bd494e7-1d35-4c12-83ff-6750c70f04b9,2019-05-10 03:47:43.460,1090.22,1100
f68b6b04-e5ed-4f4b-bb1b-0e9afbf3eee6,2019-05-10 03:47:44.682,123.5,200
830306e3-0f86-4964-8d23-3c52d3bf078b,2019-05-10 03:47:45.984,203.55,300
02ac18e7-0d5e-407c-8371-53a48837c923,2019-05-10 03:47:47.140,47.37,100
bf932b4e-98df-4f0c-b75a-d8d413303ac0,2019-05-10 03:47:48.441,222.01,300
41df06c1-4bf4-48c5-bb9d-92185035b091,2019-05-10 03:47:49.640,98.25,100
051d7daf-8e20-4ead-b4ce-df9de7f23453,2019-05-10 03:47:51.323,606.73,700
d592689d-31a7-4c48-abf4-4960d3a19454,2019-05-10 03:47:53.580,1150.96,1200
604d37ce-df24-4ded-af31-f1cab3d3d0be,2019-05-10 03:47:55.083,426.01,500
4b2512f4-88f0-4a33-b54f-e13ff71cb69b,2019-05-10 03:47:56.523,338.9,400
46a1f5fc-4edd-4cfe-aa48-f741c98216a9,2019-05-10 03:47:58.683,1079.03,1100
28df4efe-686c-4ca9-a7fd-a6b7a24ebd3c,2019-05-10 03:48:00.220,414.11,500
043ac12c-b8a3-4d41-95d4-8124f0743d5e,2019-05-10 03:48:02.360,977.32,1000
9c9bac44-6cc9-4f71-a4c0-1538a0cf0236,2019-05-10 03:48:03.740,295.53,300
675922ea-dd96-4074-89a8-587c37eb7512,2019-05-10 03:48:04.983,168.83,200
241e8fc5-8ca9-47fb-9e87-530825d20576,2019-05-10 03:48:07.144,1048.28,1100
32f59d70-a566-4fe6-9368-5ac5ffb11a6c,2019-05-10 03:48:08.981,749.79,800
c05849e6-4b1c-45dd-b39d-d3c806059e67,2019-05-10 03:48:10.182,109.65,200
6351e4b0-3545-4d04-a702-d4ee19fac53d,2019-05-10 03:48:11.660,371.89,400
194379b7-752f-4382-b625-8e7af0e12cb0,2019-05-10 03:48:14.161,1415.55,1500
33b49690-707d-48b1-a9bd-c46d7213e20f,2019-05-10 03:48:16.103,859.8,900
7658ed6e-0e83-4736-9416-33aa674bf75a,2019-05-10 03:48:18.200,992.94,1000
19ef8c6f-ed82-4213-95a5-8ee226f3f351,2019-05-10 03:48:19.324,50.79,100
c116e291-6e4e-4ac8-8d7a-09b8eabeaf99,2019-05-10 03:48:21.861,1451.4,1500
1108a4ea-8739-4e88-b34d-69a28674cb56,2019-05-10 03:48:23.984,1032.44,1100
b0bde7d2-ed96-403a-b0a7-aad19867b3fc,2019-05-10 03:48:26.262,1139.55,1200
5ee6327b-6b13-418a-8441-6812ec81bae4,2019-05-10 03:48:28.684,1321.75,1400
4afa49f4-60bd-404a-a4a2-d913f997dca2,2019-05-10 03:48:30.680,898.68,900
54cdca17-257c-4603-8d70-758a225fd5fb,2019-05-10 03:48:33.040,1247.07,1300
13ef645a-1d77-4c05-978a-fa87108e8d19,2019-05-10 03:48:34.603,465.9,500
2ffe94a9-6ea7-4c79-a4f7-57d4c1d481c4,2019-05-10 03:48:35.900,198.72,200
70acb5ad-59f9-432e-85f8-071f3af4b20f,2019-05-10 03:48:37.324,355.01,400
1b0103a5-ea2d-4a0e-aa88-db07cbd2a084,2019-05-10 03:48:40.084,1668.21,1700
fcaad6b7-8115-447e-acd5-b638bc8d8095,2019-05-10 03:48:41.624,434.66,500
c15f7e3b-cec0-4c4c-aba0-104d448295ae,2019-05-10 03:48:42.855,135.41,200
36a5100b-cc4f-4471-b582-3957dd5112af,2019-05-10 03:48:45.321,1379.12,1400
903ab3e4-7f76-4b83-8b8e-2a277ff956e5,2019-05-10 03:48:46.583,187.09,200
0692b4b5-abe0-4e28-8499-6cc576d13bb2,2019-05-10 03:48:47.761,99,100
212f01c1-1b29-4ca1-8e65-e769d1cd846d,2019-05-10 03:48:50.228,1334.25,1400
54182c4d-17db-4752-a7ae-4ad470122131,2019-05-10 03:48:51.642,326.41,400
80acc0b8-c527-4fa8-ac22-7a2676f9f438,2019-05-10 03:48:53.904,1172.88,1200
6ea68c18-b039-48de-ad65-65999cb55494,2019-05-10 03:48:55.341,339.9,400
a48bfc0f-63b7-4447-aff7-0378c1ef0c1a,2019-05-10 03:48:56.560,123.08,200
13a1e050-32bd-472f-8b21-c69cb310aa33,2019-05-10 03:48:58.223,592.57,600
45714b43-bfad-4c23-9b5a-11160484e2db,2019-05-10 03:48:59.480,158.94,200
b3775935-060c-44cd-b4bc-6826c899c977,2019-05-10 03:49:01.280,721.63,800
750ef965-977f-4ebd-9c87-aa319ceb0706,2019-05-10 03:49:02.504,155.6,200
c7642478-0a0d-41fe-b03b-009d5677494f,2019-05-10 03:49:05.002,1400.71,1500
b06d53f1-939b-42aa-8e82-22186c8f6fba,2019-05-10 03:49:06.501,390.82,400
bac6b460-f3f0-4fd4-8282-e1e81e8b2a20,2019-05-10 03:49:07.662,73.42,100
ea728094-9868-41fd-98a1-3262bb009aba,2019-05-10 03:49:09.142,390.84,400
caea35a2-8bd4-4560-92b3-45f4f24edd2d,2019-05-10 03:49:11.520,1273.45,1300
96587202-0249-453a-9956-51f900c3a52f,2019-05-10 03:49:12.686,96.07,100
9e20bc48-1496-4f95-a080-10eea3a6eac0,2019-05-10 03:49:13.881,118.11,200
9448d2ef-ce1f-451a-bf2d-994440db9fb3,2019-05-10 03:49:15.080,91.49,100
9d4e9eb9-9375-4c64-aaa7-f201c7160beb,2019-05-10 03:49:16.424,264.19,300
c640f5ab-b6d3-4990-81bf-31013df9a4a5,2019-05-10 03:49:17.661,50.06,100
5193ab76-4349-4712-bbc3-c09d901dd17a,2019-05-10 03:49:18.901,153.56,200
e275377a-0cdf-4007-835b-1ea41cde092f,2019-05-10 03:49:21.122,1120.84,1200
59f8d515-fec4-4e82-9756-dbed16c28760,2019-05-10 03:49:22.260,37.36,100
a0f5244b-caa1-40fd-a583-d1e18db117db,2019-05-10 03:49:23.500,132.57,200
44468ab6-087f-4091-8acc-c133e18ca07f,2019-05-10 03:49:24.700,99.75,100
ef7bb104-ddcb-48e0-b451-d407da9d3419,2019-05-10 03:49:25.940,150.92,200
277c2c87-566e-4e70-beda-9400c93aea74,2019-05-10 03:49:28.120,1085.55,1100
855c7d2f-1a15-4100-8cdd-91d6ad81beb3,2019-05-10 03:49:29.924,736.01,800
ef294e5b-a494-4d59-ae11-260ed193f14a,2019-05-10 03:49:31.440,407.88,500
e6271d01-3975-4b78-8ea1-960ffa326950,2019-05-10 03:49:33.120,595.46,600
5fb9da70-91e5-4868-ab02-5d44b470bc7e,2019-05-10 03:49:34.323,98.34,100
5892eb96-0ae1-4ab8-9035-edf1422f3146,2019-05-10 03:49:36.401,971.79,1000
c659da2e-0885-4df6-8911-079479a00301,2019-05-10 03:49:37.921,435.27,500
a9220768-1ee3-4811-a9f3-b338371ed5da,2019-05-10 03:49:39.561,558.95,600
5f0a2eb8-2799-4996-82e7-a2d1eda55f6a,2019-05-10 03:49:41.223,578.33,600
889525de-ae8e-4899-8a9e-ddacbf9977ba,2019-05-10 03:49:43.441,1121.6,1200
c022031f-29fe-434b-b795-7e7f2bf25a6c,2019-05-10 03:49:45.742,1212,1300
8a35b970-3d1c-48b6-8ec0-d61f6b916f70,2019-05-10 03:49:46.860,24.26,100
54ed602e-d336-4668-a9fc-df52aa62646c,2019-05-10 03:49:49.262,1306.79,1400
abaea00e-6c97-4270-9b1e-9f5035cbc2d9,2019-05-10 03:49:51.343,990.22,1000
294a0b31-450c-4318-9770-9a5a40d3dbaa,2019-05-10 03:49:52.540,98.03,100
1930d553-a639-4a4d-ba0f-0bb920815367,2019-05-10 03:49:54.980,1349.84,1400
391adf42-a094-4b42-82bc-c0762a696673,2019-05-10 03:49:56.321,102.79,200
d2946612-53b5-4946-bb6e-ac76fc9c0676,2019-05-10 03:49:58.362,905.36,1000
0f55ce40-c9df-4f8e-945c-653037bca04a,2019-05-10 03:49:59.761,302.06,400
de725970-56d8-42c6-99f6-9257eb9ad8d4,2019-05-10 03:50:01.882,1011.59,1100
5a5d3ef1-846e-4b6e-bfc5-c55d9151d8c2,2019-05-10 03:50:03.240,232.49,300
3549a6e6-99c4-4b42-8568-4cca5865b99c,2019-05-10 03:50:05.620,1294.15,1300
5030e7f9-32cc-4194-adcb-1769de52bae0,2019-05-10 03:50:06.887,205.37,300
66a7b3d5-ba65-4c11-9a49-db829c42dc30,2019-05-10 03:50:08.940,947.71,1000
0886d069-f78d-4746-a820-aeeaeaf53dba,2019-05-10 03:50:10.682,665.45,700
9572fa6d-08ca-4096-a435-c4a96c0b7dcd,2019-05-10 03:50:12.523,751.46,800
502a0c27-8fec-4c33-aff3-38749d66727c,2019-05-10 03:50:13.980,273.58,300
7d3a46f5-fb32-4004-a7ad-323256fe04cc,2019-05-10 03:50:15.220,147.71,200
864ac7e7-1f18-4b41-9d44-0fb0c29a738f,2019-05-10 03:50:17.780,1471.66,1500
9b727e62-252b-412f-9045-07f27f6604eb,2019-05-10 03:50:19.104,237.19,300
f95b8de8-6122-4deb-bddb-3bc75371c393,2019-05-10 03:50:21.400,1186.42,1200
084d2af0-ab45-439b-af8e-8aef5d529a38,2019-05-10 03:50:23.443,959.3,1000
a5630738-c37e-4d11-9e3f-a4062c5e8389,2019-05-10 03:50:24.660,119.02,200
e4c8e5b5-c10c-4972-8ff1-4ead65be0b46,2019-05-10 03:50:26.001,263.02,300
ab432416-1012-4d34-9ea1-4cedd60e23e4,2019-05-10 03:50:27.141,41.93,100
e0ed1080-142e-4d92-91f2-361ace2b1b5c,2019-05-10 03:50:29.440,1200.61,1300
d83769e4-c2c2-4eb1-b0c7-0c5526c69322,2019-05-10 03:50:30.561,36.3,100
67f34a71-6535-4217-ab6f-cbde8f72e3d0,2019-05-10 03:50:31.784,132.67,200
4e3b65e8-c608-44a4-a062-c235b9abe060,2019-05-10 03:50:34.103,1240.53,1300
66ea8567-1572-40ae-984e-5b4ff8b931ff,2019-05-10 03:50:35.420,129.36,200
56f6d534-df46-4957-8516-7bda89880738,2019-05-10 03:50:36.924,260.69,300
b4738a0a-8e81-44f5-975a-38b4e2b1a426,2019-05-10 03:50:38.181,159.06,200
70afb296-b417-49fe-bc98-7c99aacc8fe8,2019-05-10 03:50:40.121,858.71,900
3b2420a2-44dc-45a8-9963-4bb90ab201f5,2019-05-10 03:50:41.460,222.22,300
e2e0730f-6bf8-4f8b-8cba-9ccb2db40db4,2019-05-10 03:50:42.580,48.31,100
5c62cfa6-fc25-4209-925d-441e725961af,2019-05-10 03:50:44.863,1192.7,1200
1b9a29a4-e354-45d2-bb95-317d6a7b6d22,2019-05-10 03:50:46.102,140.42,200
85305921-2aa5-4608-823f-27cc1050d82f,2019-05-10 03:50:47.421,238.8,300
4947e7b2-7ad4-4f8d-b7f9-371c9d7f734e,2019-05-10 03:50:49.062,542.66,600
857244e0-211c-4a13-b25f-f6afb8a14d95,2019-05-10 03:50:50.242,81.62,100
f6762f08-54b3-47bc-8a42-b50e7f29a752,2019-05-10 03:50:52.804,1461.48,1500
32c300fe-66ea-4cb7-a91b-cbcd73dc1027,2019-05-10 03:50:54.801,917.56,1000
54fa9af3-b84b-4378-91d2-d2ed4d830b4c,2019-05-10 03:50:56.022,144.14,200
fc1b7465-4448-428f-943c-f50b7b07aa76,2019-05-10 03:50:57.200,55.35,100
4eefd1a9-4aa5-40b1-9dab-03209c989001,2019-05-10 03:50:58.360,40.23,100
6455f5c8-291d-44ea-85f5-75e42304f1da,2019-05-10 03:50:59.682,243.88,300
b49fc8a7-3d8a-493c-84e3-a2bda88d5866,2019-05-10 03:51:01.001,234.7,300
3aa9de31-36ea-42dc-a1d8-2dcda8441d75,2019-05-10 03:51:02.245,149.2,200
a6458065-6bf4-48bb-962a-25d5a9650b62,2019-05-10 03:51:03.560,203.59,300
abe8f025-73a1-426e-9491-9daee23c88dd,2019-05-10 03:51:05.121,488.97,500
091a6bb1-4769-4183-94df-0ee293d40f54,2019-05-10 03:51:06.462,245.3,300
a04cbac3-4656-4555-87c3-e68acb2b75e7,2019-05-10 03:51:08.360,800.43,900
ec9baa73-e198-4161-8971-025cc35c7c58,2019-05-10 03:51:09.743,312.98,400
d313c0df-4184-4e51-9d19-709da75a9bf6,2019-05-10 03:51:11.928,1100,1200
0e5f3dbc-225f-48c3-9121-d50001444246,2019-05-10 03:51:13.880,794.62,800
8650c231-873e-459a-8bba-8b436375f2d7,2019-05-10 03:51:15.581,617.15,700
32d4d28a-6dd0-47dd-bb6c-913b3e4e92f8,2019-05-10 03:51:16.740,48.65,100
de566a42-ebe5-4145-b191-33e9dfd70e4c,2019-05-10 03:51:18.720,893.12,900
7eab76b0-72ac-4b35-8f80-05ba049125ce,2019-05-10 03:51:21.085,1246.29,1300
1bc43aec-8219-4149-8e60-90d7d37a183c,2019-05-10 03:51:23.122,948.98,1000
9aa704f1-28e8-4e39-bbe0-a14b641709ee,2019-05-10 03:51:25.616,1375.99,1400
b1dd8dcf-f427-4c55-b58f-58e3f0565071,2019-05-10 03:51:28.102,1376.49,1400
c933b102-4f37-421b-a8b0-e00bd8d4a5f9,2019-05-10 03:51:30.720,1509.93,1600
52b81a89-dcdc-4940-9f78-6eedf78c4810,2019-05-10 03:51:32.364,564.88,600
06ed7fec-d84a-4384-b9bf-d63d8c4afae5,2019-05-10 03:51:33.683,214.77,300
c24fd00e-626e-4fb8-ac35-7e9da120ea88,2019-05-10 03:51:34.820,33.32,100
2a5163ed-5ede-488b-9d46-279d43386fb7,2019-05-10 03:51:36.061,173.36,200
e1a0a3fe-e30c-4cca-9dac-1d0f83dad283,2019-05-10 03:51:38.002,831.66,900
c3df443a-0593-4c62-b6f9-cd1bfe65ed15,2019-05-10 03:51:39.201,97.96,100
8348eac0-8a33-4dfe-87ab-ad542338f0fc,2019-05-10 03:51:40.644,326.58,400
2e34ed1a-0e23-4a95-b6b9-c8c0f9228558,2019-05-10 03:51:42.302,576.19,600
6a8ed8ad-a8fc-4c99-906a-aea60f70fefd,2019-05-10 03:51:43.520,118.03,200
1c528419-8103-4835-a82d-052c5cc3cf7e,2019-05-10 03:51:45.103,516.36,600
f4932051-9794-4952-87a4-7cf9b3bf4564,2019-05-10 03:51:46.323,104.94,200
6f164b12-f996-432b-b10c-3ae94a8e2692,2019-05-10 03:51:48.561,383.29,400
e6276c9b-8133-43b9-b53e-d5baf4e91e91,2019-05-10 03:51:50.263,597.66,600
1a9b1308-9d95-41e2-8ca7-b2d8caad1086,2019-05-10 03:51:51.905,508.78,600
89594a9c-9ed4-4ed1-aeba-6eadc3bccd93,2019-05-10 03:51:54.301,1307.77,1400
9ae297e3-b897-4e10-b16e-d9c33ecd740d,2019-05-10 03:51:55.882,491.59,500
8455fb44-c8a8-4316-9e0e-62b99ab792e7,2019-05-10 03:51:57.188,211.63,300
62131cae-ecd4-4996-bde1-59986f66d8ff,2019-05-10 03:51:58.627,350.4,400
c89bc6c6-643f-401f-81e8-ca5cd0133bc6,2019-05-10 03:51:59.901,184.85,200
9eb98fae-6fe7-4417-93ff-9ffcbf7c3637,2019-05-10 03:52:01.243,179.85,200
28fdc422-3b36-4d9c-badf-8b3e77a3cb11,2019-05-10 03:52:02.721,392.06,400
c960ab4c-6290-49c8-8c26-478e2766f7ee,2019-05-10 03:52:05.243,1417.2,1500
a5462cf0-c85f-4c73-9393-f39607db169d,2019-05-10 03:52:07.263,920.56,1000
d77601fd-11e7-4945-930b-1a332845bc01,2019-05-10 03:52:08.620,248.77,300
81755fe7-ff53-413d-8367-61f980f9f5fb,2019-05-10 03:52:10.022,214.75,300
d2911dd2-3fe9-4d7a-b772-f470deb6010b,2019-05-10 03:52:11.903,789.6,800
c49ba5cd-5fa1-4422-9c19-cb8b050e5a3d,2019-05-10 03:52:13.360,344.73,400
80bb8daa-e457-48e1-ad2a-f2bad1f5d949,2019-05-10 03:52:14.520,55.89,100
7ab37ad1-4a03-4714-8a09-2319bc94a5b7,2019-05-10 03:52:16.342,747.5,800
cbe29705-fd6a-4932-b6ef-d8ffb83c2b6c,2019-05-10 03:52:18.520,1067.08,1100
dd7e9562-9be7-477b-b1bd-41a8b9dbbc49,2019-05-10 03:52:20.060,422.51,500
77ff1c1d-e925-45c3-8b83-109fc392a331,2019-05-10 03:52:22.266,1128.63,1200
13a22dd2-f3ef-4ad6-a872-d38279fdd58e,2019-05-10 03:52:24.103,747.13,800
1f6871b8-ef6a-41c2-b02c-817ce770f224,2019-05-10 03:52:25.562,371.72,400
2803a6f0-7c42-4f4c-a620-bb20e984a1f8,2019-05-10 03:52:26.669,27.93,100
63ab46f3-2b0b-4ff5-996f-bd467da4cdfa,2019-05-10 03:52:28.500,730.2,800
2c5c41fb-79ca-469e-8aef-5b72d7d12abf,2019-05-10 03:52:29.801,238.18,300
fd1023de-e100-46d5-af3f-76142faad8c2,2019-05-10 03:52:30.942,56.33,100
f226d283-3786-43e4-a049-c59973847512,2019-05-10 03:52:32.943,887.25,900
cccc796c-97dc-4988-98e2-32d05a878cb0,2019-05-10 03:52:34.282,254.41,300
6a70b41a-d9a5-4c97-b21a-c8bd049759c4,2019-05-10 03:52:36.420,1037.28,1100
f555f7d8-4794-4a17-8449-72024b2bdfa7,2019-05-10 03:52:38.582,1084.63,1100
287694d3-6501-4b29-87f9-637547d7e516,2019-05-10 03:52:40.180,421.86,500
cf955cf6-90be-4e5a-9d1c-bdbc461ad67e,2019-05-10 03:52:41.383,137.71,200
8d33d808-0ccd-43ee-96f3-44f0dfe003f0,2019-05-10 03:52:42.580,108.52,200
3ef34afb-3a53-4d5a-bf54-c321f4a7a7dd,2019-05-10 03:52:44.992,1307.01,1400
ca1f79c4-a104-43e7-8e5c-de0081442941,2019-05-10 03:52:47.003,955.85,1000
e8d509e7-4ea1-43b6-a3a0-003c919d519e,2019-05-10 03:52:48.420,300.31,400
8a50af93-0e21-4443-9f12-e7ed0d9799d6,2019-05-10 03:52:50.387,888.93,900
f87e93aa-6773-489b-9a66-d9db2b6b031b,2019-05-10 03:52:52.741,1268.2,1300
497fb725-e784-44b1-b0d9-da95f1ed71bb,2019-05-10 03:52:54.600,761.38,800
6c5e8d86-b8c1-4b5b-82ed-0d934eb8720c,2019-05-10 03:52:56.000,315.96,400
a6e241aa-bde3-44a5-8bea-766f142f8b9c,2019-05-10 03:52:57.162,88.54,100
7c6de44b-7e6b-4cb0-b5dc-75a4b63f9a47,2019-05-10 03:52:59.081,828.82,900
986692c0-19d6-4abb-8254-a71cfc973abc,2019-05-10 03:53:01.300,1125.3,1200
c8f7d561-74f8-40d4-8cd7-89c9f8470036,2019-05-10 03:53:03.904,1528.48,1600
2ad852f0-cc1d-4d35-9530-0b97d5ac68f1,2019-05-10 03:53:05.060,43.29,100
85938b2e-77ca-40fa-9a4a-43edd9318d87,2019-05-10 03:53:06.461,336.07,400
f29fbc37-7df1-4465-9c0e-c38e7a66a6b3,2019-05-10 03:53:08.446,903.87,1000
875abee4-a859-4a22-b55f-19cea47f0c33,2019-05-10 03:53:10.384,851.27,900
86ad913d-15f7-46f6-88e4-68ea3fe56c50,2019-05-10 03:53:11.660,181.16,200
e9deb135-58b4-44d3-9ba8-44019b5ad9d9,2019-05-10 03:53:13.621,890.88,900
de38149d-a6c4-4ae5-83af-18e5a7112c05,2019-05-10 03:53:15.221,515.64,600
e39d724f-dc3f-4885-83fc-2c8b730f2ca2,2019-05-10 03:53:16.424,121.45,200
d4e8dba3-bfc0-4e93-9cca-b6fc89afe72b,2019-05-10 03:53:18.423,921.16,1000
d9601868-298c-4c23-ba4a-508d7cd88310,2019-05-10 03:53:20.182,670.73,700
5839c83b-7b78-4553-9937-30ca7985804e,2019-05-10 03:53:21.923,653.95,700
93245e25-4927-4c02-847c-a6229b51a79c,2019-05-10 03:53:23.180,153.12,200
8b5e679e-33d4-4005-897d-4b41abc64096,2019-05-10 03:53:24.723,475.8,500
703b5ee9-0abf-4bad-80ed-ba584861fdf8,2019-05-10 03:53:25.862,44.51,100
ec5bce30-59b5-44bb-8bc7-46cdf7796604,2019-05-10 03:53:28.280,1318.87,1400
d915947f-d832-424d-b21e-a3120128475e,2019-05-10 03:53:29.542,173.81,200
0239c5ed-db46-422f-9324-1d735c29d805,2019-05-10 03:53:30.745,94.84,100
e0ea2e80-8b2f-4fe9-9555-2d318e6f7577,2019-05-10 03:53:31.900,58.46,100
a94f5b8b-e32b-47cd-a094-1ea018b8d114,2019-05-10 03:53:33.240,251.49,300
694c2ee6-4179-41ea-8809-f751f5491dd0,2019-05-10 03:53:34.522,213.24,300
d358c0da-d5d6-4d54-9958-223666353aba,2019-05-10 03:53:35.720,98.12,100
5fdeed51-4234-41b9-a38f-b839a670a535,2019-05-10 03:53:37.744,954.81,1000
7e578b8c-eef0-4448-9d2b-e8082201957d,2019-05-10 03:53:39.442,618.59,700
bc8c682e-1503-49fc-8d3c-534605a0c953,2019-05-10 03:53:41.440,873.41,900
e7883f30-dc52-44e9-b3cf-c0fecb903bc2,2019-05-10 03:53:42.640,90.62,100
f5d7e9f7-5ccd-4aab-baf6-5f1ea60cef4c,2019-05-10 03:53:45.002,1288.85,1300
07134f99-4648-438e-9724-9692e2102176,2019-05-10 03:53:46.561,480.25,500
8d804f3b-3582-4e58-bb85-3f0973cad30a,2019-05-10 03:53:48.245,599.32,600
8789c3fa-fae7-4189-8d36-4e0bac4e5329,2019-05-10 03:53:50.002,662.12,700
afc10315-8434-495d-9e58-d3c298d757b8,2019-05-10 03:53:51.284,197.09,200
aab67e8a-3067-4363-8a60-2e6f7fff7093,2019-05-10 03:53:53.682,1315.71,1400
851467ea-dc80-4c2b-8afb-547727165737,2019-05-10 03:53:54.981,202.36,300
4a2cacc7-1b27-4f18-b223-86edb8c7bf85,2019-05-10 03:53:56.762,699.39,700
636c6470-d9c5-481f-81a4-52a424d67573,2019-05-10 03:53:58.200,324.83,400
9778c5b3-089e-4554-a455-5875910d803d,2019-05-10 03:53:59.822,554.74,600
9a9c5284-b798-4994-b103-2d89629c68e8,2019-05-10 03:54:01.246,330.98,400
a975a8ff-9dfc-4358-a337-c5631e3dc380,2019-05-10 03:54:02.662,340.08,400
aebecf7e-720b-459e-8627-4295da961624,2019-05-10 03:54:04.500,746.65,800
061d5fc8-bd25-4475-8bf8-1d42578255b0,2019-05-10 03:54:06.340,731.26,800
819efcff-c741-44ea-b68b-64accda0e789,2019-05-10 03:54:07.640,207.77,300
67c7e131-a144-4bb8-8754-a02f17448b41,2019-05-10 03:54:08.761,46.9,100
e3545d8a-eec8-4a3c-a2ea-04d4dff5dc04,2019-05-10 03:54:10.888,1040.05,1100
b98fa6c4-656f-47ac-bdac-cf2d5d14f66f,2019-05-10 03:54:12.080,81.37,100
360f53b2-7e89-41d3-ad12-b178659fe874,2019-05-10 03:54:13.263,110.3,200
0d37cf80-2372-400f-9bb1-fd9f777c4b61,2019-05-10 03:54:15.220,844.76,900
e95a0c91-3ccf-4760-98ae-b04f0411753c,2019-05-10 03:54:16.523,234.45,300
34df07be-7e64-4514-8e10-d0ba134c32c9,2019-05-10 03:54:17.641,30.63,100
75d05085-6a3e-4b41-b5ce-905fc5415640,2019-05-10 03:54:18.905,178.51,200
a714e943-0c5a-4698-b4e5-dcc2fb254d17,2019-05-10 03:54:20.163,170.29,200
02bca2f3-73c1-47bb-bc6b-e7e607bcefa3,2019-05-10 03:54:21.902,661.62,700
bf1b255a-5034-4b29-9968-6e5595f272ca,2019-05-10 03:54:24.260,1253.6,1300
2d2719a9-e29d-437f-b7a9-53c2e4ec8518,2019-05-10 03:54:25.366,43.16,100
07144bda-6a40-4a35-bc4f-c3268f9f13a2,2019-05-10 03:54:27.286,835.29,900
4a80acab-2a50-4d3f-bb98-22f90ad0d352,2019-05-10 03:54:29.142,752.51,800
1ffd5961-6167-4ee4-8b72-b53c4ab81125,2019-05-10 03:54:30.483,238.42,300
3387406a-4df2-4237-ac2d-1d615ae01dc4,2019-05-10 03:54:31.980,403.91,500
2ac5b0cc-be82-4a05-8322-6c0bb27e1d2c,2019-05-10 03:54:33.685,641.24,700
faa14d23-be81-4d50-a4a4-de7b6be5f0a3,2019-05-10 03:54:35.760,978.88,1000
b81e288c-b681-42b9-9cee-00a9af5f367e,2019-05-10 03:54:37.580,741.03,800
48993d9a-df27-41cc-b9a3-e34998f8c3c7,2019-05-10 03:54:39.920,1244.27,1300
3577eec3-e51a-45ae-9620-9be34aa02431,2019-05-10 03:54:42.181,1154.87,1200
68870224-5b2f-4f53-af54-0850f34f4dba,2019-05-10 03:54:43.642,372.93,400
a4e000c8-4bc5-4e7e-a731-ae4b81c7dced,2019-05-10 03:54:44.982,221.96,300
19b388e4-6d8c-4293-9acf-537e8deed45e,2019-05-10 03:54:46.682,622.67,700
1df96ac4-9c92-485b-b6d1-37c6f416493e,2019-05-10 03:54:48.008,240.54,300
7774e05a-2315-4471-a10d-8134336724f7,2019-05-10 03:54:49.541,452.86,500
2aea3f8c-a75a-4882-958a-96a1698b3df4,2019-05-10 03:54:51.805,1179.45,1200
6bedcad3-b34e-45cc-99ac-e6f289f4144f,2019-05-10 03:54:54.180,1276.72,1300
af5e0759-6546-4820-9726-4f0828bf9959,2019-05-10 03:54:55.360,93.15,100
5de39e5d-f9b0-4023-be6c-265212dfd246,2019-05-10 03:54:56.782,350.28,400
4324f2a3-0ea4-4560-8db3-6f4bb0a85873,2019-05-10 03:54:58.020,137.32,200
4100f20b-7578-42c5-a59a-60153a37ea35,2019-05-10 03:54:59.300,188.13,200
544f040b-0ac8-49fd-bff5-ce2750238c77,2019-05-10 03:55:00.420,44.77,100
48d583ce-1778-4197-887f-5ba64d432bad,2019-05-10 03:55:02.404,905.62,1000
9d63d814-c28c-4075-9887-9a2232197154,2019-05-10 03:55:04.382,886.92,900
421446b8-6bf0-4e08-b93c-2312f442f0a1,2019-05-10 03:55:06.642,1177.15,1200
6bf5521d-aa90-4e5f-a82a-cca1c759a838,2019-05-10 03:55:07.761,30.46,100
3ad0234c-7f28-448c-ac86-9b2b7f86cfec,2019-05-10 03:55:10.101,1254.68,1300
3ccf9f60-0b20-45d4-b9e4-506c040622a0,2019-05-10 03:55:12.143,956.85,1000
7ad8bba4-f761-49b3-be51-0fcbcaed19c7,2019-05-10 03:55:14.041,804.57,900
0da0e33e-a1e0-49b1-9903-f1a3d594ed4b,2019-05-10 03:55:16.082,953.35,1000
9bb3e7fa-19e8-4008-b616-6e4276ef474c,2019-05-10 03:55:18.562,1396.11,1400
5e070379-54a7-4c60-a84f-2dcf64c2bd5f,2019-05-10 03:55:20.142,499.68,500
eac4bca8-3445-4752-8ecc-b7a2c29f9063,2019-05-10 03:55:22.242,1016.65,1100
14a9c571-230a-4e70-8cbf-a0cff7a943e1,2019-05-10 03:55:23.961,627.23,700
fba9e0c0-246e-48c9-89cd-d885a1676e76,2019-05-10 03:55:26.486,1425.44,1500
53ef3a60-f7b0-4d07-9127-f6fadb0e6ce5,2019-05-10 03:55:28.420,811.85,900
abe5db54-3cfa-4e19-a469-37cb0cfb1bfe,2019-05-10 03:55:30.761,1267.18,1300
afa89e41-ab7c-4b26-9e21-5d4b74deb963,2019-05-10 03:55:32.760,878.41,900
0febef78-7a30-4428-a642-a84282a0785a,2019-05-10 03:55:34.040,191.56,200
9fc40ac2-bf21-4049-81d4-ee763fef0dbb,2019-05-10 03:55:35.220,80.47,100
dc6e1985-58e7-4a17-9719-e3019a3ab62d,2019-05-10 03:55:37.204,908.99,1000
c4bf09c1-2592-42c4-ac08-f01b92fa2c70,2019-05-10 03:55:38.940,634.13,700
6560b06c-b946-46ec-bdec-d6576bd657da,2019-05-10 03:55:40.860,822.47,900
df0f739f-a5c3-4530-9293-b8b75255b10b,2019-05-10 03:55:43.080,656.84,700
682c7a58-6d7f-49d8-bd3f-e982d3846787,2019-05-10 03:55:44.425,261.99,300
b1e5ae9d-3599-4bd9-adb4-116817bf022a,2019-05-10 03:55:46.882,1364.82,1400
8ec3546a-b1b4-4532-8edb-3408226872bf,2019-05-10 03:55:49.300,1304.2,1400
4f9f5a16-aae4-4954-bff4-ac3ad4fbe3b9,2019-05-10 03:55:50.804,429.56,500
a0d3cd4a-2a1c-41f0-9f55-6a57e22930fc,2019-05-10 03:55:52.040,130.44,200
f134cfe6-7afc-4fd7-bc2b-c99b0a99cf8d,2019-05-10 03:55:53.141,30.13,100
f100caa5-6171-412b-8262-955ce1605d66,2019-05-10 03:55:54.803,585.34,600
5b5d79d4-2d2a-4c05-bcb5-9705cf159518,2019-05-10 03:55:56.564,674.66,700
31bf4939-dd25-4de8-a190-47e5e43fb9e2,2019-05-10 03:55:58.001,341.27,400
03cbb0ea-e2b9-4aae-90bc-32b52a7133f5,2019-05-10 03:55:59.261,156.25,200
f98da3a2-9c8e-45f7-a990-a98ce943f218,2019-05-10 03:56:00.701,353.18,400
a8fbce10-e0ec-4cfd-bcfb-24d50b9f5696,2019-05-10 03:56:02.320,516.16,600
b42ad40c-00b1-4ed9-8f3d-5e0321bde389,2019-05-10 03:56:04.544,1147.9,1200
e72ed216-cbf2-4417-8c7c-c5fd40000090,2019-05-10 03:56:05.880,230.25,300
3cc2e3c1-dfb8-46df-b41b-7bd6c48a14f9,2019-05-10 03:56:07.100,129.26,200
47d35478-79f4-4b00-83fa-09d9002ad825,2019-05-10 03:56:08.480,287.93,300
f51525c2-738b-4bc1-99dd-8fad54293a14,2019-05-10 03:56:09.660,89.25,100
5770e573-4091-4db4-bfab-906c904c7407,2019-05-10 03:56:11.963,1209.51,1300
0ffafb80-55dc-4ffc-8a7f-90d02ca4c570,2019-05-10 03:56:14.400,1320.88,1400
2cb09622-742f-4522-972e-e138711aae83,2019-05-10 03:56:15.520,31.75,100
891fabcb-ac7f-4060-8934-5752981c3238,2019-05-10 03:56:16.862,266.4,300
cdf8b0f1-2a7e-4292-91f0-8369019716a9,2019-05-10 03:56:18.682,724.65,800
01d56436-affb-49b8-852e-6894ef2b5283,2019-05-10 03:56:20.024,252.34,300
d12aa78a-96d4-4241-8400-718c02f66777,2019-05-10 03:56:21.145,29.96,100
88847526-572d-4909-be90-f519b29d4e7c,2019-05-10 03:56:22.662,421.39,500
8a6f7b00-0fb3-42df-a6f6-703ea9963dd5,2019-05-10 03:56:25.084,1303.87,1400
d0262aa8-fa8b-427b-86f9-d125a3078b61,2019-05-10 03:56:27.480,1292.39,1300
522ebbe1-31fe-4b3a-a4fa-82adf66452d8,2019-05-10 03:56:28.600,31.01,100
19a12395-37a4-49c2-a15b-f5be3fef8676,2019-05-10 03:56:29.720,26.57,100
e65f9d73-dcda-484e-8f59-d9676eaaaf17,2019-05-10 03:56:31.220,407.87,500
1469ddc1-3c75-4098-b8bb-bb38374fa226,2019-05-10 03:56:33.600,1286.62,1300
1b3f1620-fe27-4103-a689-9f431816374a,2019-05-10 03:56:34.743,78.86,100
a68e21a3-1762-4394-bb39-b1826555342a,2019-05-10 03:56:36.442,596.65,600
adf9626c-273f-46cf-a991-8510bfed2049,2019-05-10 03:56:38.581,1031.47,1100
b1db810e-72fc-4a17-9118-c5c3d39074aa,2019-05-10 03:56:40.080,386.31,400
763d5f14-8b53-47a5-b75f-867bc44ee6cf,2019-05-10 03:56:42.723,1549.26,1600
f8a3390e-1451-4209-acc6-403bbbc02306,2019-05-10 03:56:44.202,362.09,400
3f22f96a-f306-4c09-882e-0328e73c1383,2019-05-10 03:56:45.443,158.73,200
c2924056-6a79-4249-9d92-07389a3d664a,2019-05-10 03:56:47.441,914.5,1000
4b0b7cb8-e0cf-4f4a-8e3f-1734b8137e92,2019-05-10 03:56:49.021,99.17,100
65c5cba4-b3b1-4724-9edf-87140d445f6b,2019-05-10 03:56:50.480,345.26,400
338434a1-0882-414d-849e-50ade0df2bdc,2019-05-10 03:56:51.644,88.3,100
d6f03698-fdbe-47d0-af7b-a7bf2f123f3c,2019-05-10 03:56:53.287,543.11,600
fc1746d4-70da-47f6-afd7-0ed556d2abc9,2019-05-10 03:56:54.460,47.51,100
9e3aab70-c1cc-40a1-8567-29c453750ca9,2019-05-10 03:56:55.961,428.31,500
1bc6ffa3-ee9e-453d-b429-6cff8926c069,2019-05-10 03:56:57.865,812.88,900
857c6fde-0a3b-4719-9a8d-4d244d76d1cc,2019-05-10 03:56:59.080,89.43,100
81bcb386-68b6-4862-88c2-9cd755c422c2,2019-05-10 03:57:00.480,314.83,400
aee2721d-6727-4d33-82ed-bed706c34331,2019-05-10 03:57:01.643,67.64,100
5d67f228-6722-4024-bb40-6d5fa352c75d,2019-05-10 03:57:03.623,704.71,800
f02added-9263-4117-b8b9-42fd02b7c2f3,2019-05-10 03:57:04.800,39.32,100
3e5ab2e5-b794-4e1b-ad99-29366dc7edab,2019-05-10 03:57:07.100,1218.09,1300
a39620e6-959d-4e2d-b6f4-0315e49bb35b,2019-05-10 03:57:08.360,170.46,200
64d9d938-847c-47c7-8db2-1650df65d9f6,2019-05-10 03:57:09.782,339.75,400
62cec77b-c81b-4ed3-af21-49fe5505bea2,2019-05-10 03:57:11.823,653.7,700
b886222d-091c-48b4-aaf8-b507a83f2913,2019-05-10 03:57:13.864,945.44,1000
9f66de0b-0742-4030-8683-81f0bed41374,2019-05-10 03:57:15.641,681.25,700
7227a5c7-e3a5-42c6-85df-a5e5f9453af7,2019-05-10 03:57:16.802,69.82,100
c53c7c93-d710-41d6-8a41-cea54baef7fb,2019-05-10 03:57:17.942,52.29,100
22267d71-9767-46c0-b406-c9e79d80066f,2019-05-10 03:57:19.403,357.59,400
b14796f4-ee9f-4484-a313-3ecc7b3ba41e,2019-05-10 03:57:21.680,1165.99,1200
6801a3b5-c6ef-48cd-bd33-bc86b6df973f,2019-05-10 03:57:22.822,70.46,100
cfa8107d-e381-4c28-895c-8de0b986838d,2019-05-10 03:57:25.142,1225.52,1300
0a169101-37ee-4a01-8c3a-0fe3589a0be1,2019-05-10 03:57:26.340,82.89,100
61940f7d-ab4c-428f-8e6f-696128d384f3,2019-05-10 03:57:28.102,692.3,700
b8f1148a-94c9-4636-bcd9-1829d208416a,2019-05-10 03:57:30.420,1215.86,1300
fe36bc30-cf1d-41ad-ab78-0ed73ac0a924,2019-05-10 03:57:32.541,1058.07,1100
575fccd9-f204-45ff-b2e5-c781f26b7219,2019-05-10 03:57:34.785,1165.55,1200
f9c4caf8-4d34-4649-b7cf-a770e7cbffb1,2019-05-10 03:57:35.928,51.68,100
c51f9327-c6f6-4288-93da-1ad905037713,2019-05-10 03:57:37.223,215.3,300
224425c5-4d8a-4376-bc5d-3b7fc3c6bc31,2019-05-10 03:57:38.422,87.16,100
8e031a5f-c313-4ec1-8601-e6d66f13bea0,2019-05-10 03:57:39.682,173.94,200
5ebaf320-e120-47b3-b9b5-8e30ea51c67c,2019-05-10 03:57:41.502,728.73,800
4509d2b5-4602-4209-9575-4879f4041b20,2019-05-10 03:57:42.662,77.36,100
6fc1379d-b201-4909-bb2c-7504d543ea4a,2019-05-10 03:57:44.164,411.84,500
8a39d2a8-a0f4-48f3-9966-fe9c0e8763a6,2019-05-10 03:57:45.441,172.77,200
fef91875-6f58-453a-b040-b5d43b598435,2019-05-10 03:57:47.740,1208.07,1300
75240f7a-0537-4a86-8e18-83755e94e4ae,2019-05-10 03:57:49.241,415.21,500
3c706662-830d-4c4d-a6d4-185ab22b735d,2019-05-10 03:57:50.544,215.49,300
332b2a73-c8bc-4f12-a704-171f4ca75eb3,2019-05-10 03:57:52.041,386.3,400
db7c9a8f-6bc6-4952-9719-ab58925e25fd,2019-05-10 03:57:53.160,29.45,100
27143e5a-126a-45aa-9a57-e5be421fdbee,2019-05-10 03:57:54.700,449.71,500
af15dbb9-4cfa-4cc9-89c4-4ccd3905fca4,2019-05-10 03:57:56.122,353.02,400
d4ec5c4a-e918-4998-a6b3-55cfa7a18453,2019-05-10 03:57:58.542,1298,1300
87ebce77-76d7-4088-8fc5-908945726f19,2019-05-10 03:57:59.700,42.54,100
15ca565c-cd53-447b-9142-f53d5a99a7ea,2019-05-10 03:58:02.101,1338.16,1400
9afec910-dd69-421b-9c90-87169132ea26,2019-05-10 03:58:04.460,1245.08,1300
b060acb9-e579-4235-864f-7659a17b060f,2019-05-10 03:58:05.900,347.01,400
eb1c20ee-0d4e-4d32-a541-29e0a2301892,2019-05-10 03:58:07.323,340.8,400
b1600687-b86f-4d00-bea5-f41b93803694,2019-05-10 03:58:09.220,804.86,900
f50b26de-ef49-40f2-af59-251ca495f45d,2019-05-10 03:58:11.441,1124.59,1200
5acf46a8-935b-458d-89f9-b95ce475916f,2019-05-10 03:58:12.761,239.32,300
76c1e960-fc4d-4312-8585-7f611f461a65,2019-05-10 03:58:14.082,238.72,300
c4886a51-ca9b-4842-babe-d371d76ee3ea,2019-05-10 03:58:16.140,959.15,1000
2bbf1392-8674-4d5d-9aa6-48056f8c33fa,2019-05-10 03:58:17.460,230.16,300
f43eebbd-ee18-4ffd-b068-699b757ef2e7,2019-05-10 03:58:20.040,1496.67,1500
785db618-a39f-443d-b714-899aeaddf9e1,2019-05-10 03:58:21.887,774.87,800
19e5640e-7add-47fb-8bda-d2b9743956f3,2019-05-10 03:58:23.142,173.14,200
b9233934-127d-4162-b31d-cde5b92049e1,2019-05-10 03:58:24.663,179.29,200
5663c5d5-21a2-4250-9df8-8188526c5f22,2019-05-10 03:58:25.901,148.98,200
399e4991-9c23-4ad4-8619-9a76b6a017cd,2019-05-10 03:58:27.820,810.08,900
7050df27-41d9-4376-bb16-481dfeebfd47,2019-05-10 03:58:29.003,75.54,100
0ee578f8-21a4-4bbc-8d13-19e2f3cde463,2019-05-10 03:58:31.440,1329.68,1400
00dca59f-0776-4db2-ac84-675f0e199491,2019-05-10 03:58:33.644,880.52,900
f11091db-b200-48a2-bc0a-e551d9f8c248,2019-05-10 03:58:35.040,274.25,300
75776940-bf61-4857-bb8b-c47f0eda0e16,2019-05-10 03:58:36.542,427.87,500
263344b8-052f-43f5-bb63-807d80dd624a,2019-05-10 03:58:38.062,421.67,500
d7be75d1-6be6-46b1-9aa5-242d9a012f0d,2019-05-10 03:58:40.340,1167.71,1200
fb3503ef-f3b8-467d-a959-3d74ef138ff4,2019-05-10 03:58:42.544,1097.95,1100
4c35e3a5-530c-4eb6-a841-7ce57fa85503,2019-05-10 03:58:45.000,1350.2,1400
e1f6c77e-a387-4762-959a-074524d433b1,2019-05-10 03:58:46.720,607.34,700
c6e61635-041c-41e7-af85-e38b0b17082c,2019-05-10 03:58:48.001,202.72,300
c606aa91-3fd0-4d68-8140-ed4c66a242f8,2019-05-10 03:58:49.545,450.92,500
dde2c431-3885-425c-99f5-a0489de319ba,2019-05-10 03:58:51.342,708.26,800
e654cf6e-c934-4860-b0a3-d853f27c9ca1,2019-05-10 03:58:52.522,53.47,100
bede822f-60b1-4ce1-bc4d-20696f499da8,2019-05-10 03:58:53.742,132.03,200
72a0c661-bc9e-47ae-b5b7-150bbb9561c1,2019-05-10 03:58:55.483,649.99,700
ae9c6803-54ac-40b0-b9cc-70c1c2847b78,2019-05-10 03:58:56.601,38.79,100
36d7af04-06e0-4ae6-8660-ad3cbdb1b94d,2019-05-10 03:58:58.040,340.18,400
2ad4e5a2-5b74-4866-b670-e886a0b8aec8,2019-05-10 03:58:59.803,638.05,700
5d81305c-d10c-4c2b-bc3e-8ee2913f5579,2019-05-10 03:59:01.000,96.1,100
e383ffe2-c584-475a-a7e6-f92d8449039d,2019-05-10 03:59:02.123,54.88,100
ee4e6668-0497-47ab-8e99-5379648bf12e,2019-05-10 03:59:03.261,45.22,100
7afb2e6b-024f-4e53-9ab9-adc30f393e2c,2019-05-10 03:59:04.426,65.71,100
403f3383-2422-408b-b5e0-ec2d3efa5b8a,2019-05-10 03:59:05.721,203.85,300
f539f5b1-caed-4f66-b2b2-e3ad58abe94b,2019-05-10 03:59:07.200,381.02,400
e39b29bb-41c5-4988-a3b8-0a1935612c39,2019-05-10 03:59:09.202,935.7,1000
68c50307-9f0f-46e8-b385-60e4ecf4fab8,2019-05-10 03:59:11.725,1423.74,1500
6b78432f-b3c8-43bc-9d6c-1de735b8e985,2019-05-10 03:59:13.880,1043.78,1100
2fbf4665-46bf-4bef-b438-0b46373befbf,2019-05-10 03:59:15.842,853.55,900
f3271fa4-845f-42e0-8c01-338514ae127d,2019-05-10 03:59:17.622,692.73,700
03cc6283-d7a6-47ac-85dd-d507e2100639,2019-05-10 03:59:19.320,552.24,600
a6a94f59-119a-42d7-b30c-d38a5da0c737,2019-05-10 03:59:21.087,684.05,700
6823955e-38ea-4ce5-9779-df01a75217b6,2019-05-10 03:59:23.084,912.06,1000
ee28d707-d975-4551-bab7-7c21beb71c92,2019-05-10 03:59:25.200,1017.81,1100
17865446-148e-45c6-a8b8-3ac11192d82b,2019-05-10 03:59:26.620,264.61,300
56ea6215-7005-462e-a016-8cbab5e668cd,2019-05-10 03:59:29.107,1410.36,1500
2b18a533-0951-4451-bb30-c638993fae47,2019-05-10 03:59:31.483,1289.96,1300
ef1d5ebd-2e70-452e-96e5-a72a962a14f9,2019-05-10 03:59:33.263,688.55,700
4d610b8b-99db-4fa1-93c0-d566898e996a,2019-05-10 03:59:34.422,79.16,100
e676162d-6092-4c98-acc4-3c03993d11a3,2019-05-10 03:59:36.301,793.63,800
76811592-272a-4bf9-89a3-90ea68c97a25,2019-05-10 03:59:38.523,1146.35,1200
5d6037fd-c23b-41aa-bef7-ce68359e548c,2019-05-10 03:59:39.842,218.55,300
7bb61526-8579-4af0-b8a6-26e9630b3132,2019-05-10 03:59:41.144,199.71,200
35f3add6-95d7-4451-9d08-8eb1f8cf1224,2019-05-10 03:59:42.740,497,500
710e4c19-5982-4598-bcf1-2fd0f6a15034,2019-05-10 03:59:44.420,586.22,600
79ba115f-8ac9-45bf-9841-862fa65d7125,2019-05-10 03:59:45.564,75.79,100
39db0b43-6d82-4e10-aff1-66d0fd486287,2019-05-10 03:59:47.720,1029.03,1100
054c43a6-3e44-46a3-9dd8-5967f592da9a,2019-05-10 03:59:50.081,1286.38,1300
9ca08bbf-f005-4e95-8f26-45a4d1277d46,2019-05-10 03:59:51.400,192.88,200
b13e4fbe-d0d0-4a3a-bebb-06904e65e514,2019-05-10 03:59:54.104,1638.73,1700
9462cfd2-9722-4c4c-8be5-cc37794e36ec,2019-05-10 03:59:55.423,235.22,300
3b252708-4a69-48e8-9793-fa3b53a002b8,2019-05-10 03:59:56.900,381.18,400
1d295037-a2ca-40a2-93a6-60e977579bb6,2019-05-10 03:59:58.244,265.81,300
5594fc1b-d7eb-4f90-80af-46a707f5732d,2019-05-10 04:00:00.081,749.81,800
e93c5322-e2bc-4741-a218-0f4cb2576d47,2019-05-10 04:00:02.323,1132.19,1200
62161ae9-728c-4e52-a552-156dda8db8ce,2019-05-10 04:00:03.923,494.48,500
9867e5a5-ea5d-4e63-907f-4b66e90b13bf,2019-05-10 04:00:05.160,99.2,100
9cb97970-d5f7-4bb4-8422-c85f68cb26d6,2019-05-10 04:00:07.080,815.53,900
b37bdd2d-cc9b-4d08-8f5a-7ca0a650f76b,2019-05-10 04:00:08.946,796.27,800
7b2e4143-cfb8-4d56-9c0c-6569e75df6a7,2019-05-10 04:00:10.300,237.08,300
171cc218-7be8-4975-9386-ce20123c0a94,2019-05-10 04:00:11.481,74.87,100
164fd1b9-9bd3-403e-b6cd-c04146b69b2a,2019-05-10 04:00:12.643,76.32,100
3d4e80ac-f6bd-4b08-93e4-bed0d6bdc46b,2019-05-10 04:00:14.543,820.26,900
405c240f-bd7d-493a-8cbb-025a0dc3afbc,2019-05-10 04:00:16.623,990.27,1000
5204584d-4892-470a-9d9d-c8d23d2c4e2e,2019-05-10 04:00:17.784,74.52,100
b7c435fb-141d-4708-8b31-8399ab3ddb22,2019-05-10 04:00:19.023,138.3,200
e8d418ac-68bd-4a2b-a963-d37e4418fd94,2019-05-10 04:00:21.241,1132.65,1200
5c8a97b9-0a19-4e1f-9143-17f8256d1b55,2019-05-10 04:00:23.601,1277.8,1300
917b139b-d3d5-4b25-9ae5-6b67f8b05932,2019-05-10 04:00:25.180,482.14,500
df1fe5c2-f833-42f1-afa1-9ab3db58e4c0,2019-05-10 04:00:26.682,414.86,500
cad11be3-e98d-44f0-8da2-9fd2e9ee914f,2019-05-10 04:00:28.020,161.77,200
516701c9-767d-408a-a77f-c25a96d8c10a,2019-05-10 04:00:30.222,1134.01,1200
d6da58ef-c608-4ba0-b0a3-ff3ae1f3ae57,2019-05-10 04:00:31.522,209.32,300
975e52e8-f75c-4a44-b25b-06b5ea86fb45,2019-05-10 04:00:33.683,1077.51,1100
36927f20-42d7-4446-845d-571f79c01f9c,2019-05-10 04:00:35.184,402.47,500
5c84a0e8-ec1a-48e2-9929-8b2766eb0ad9,2019-05-10 04:00:36.500,190.56,200
e4a6d39a-8f97-4fcd-886b-3ed7557f791a,2019-05-10 04:00:38.044,466.71,500
75c8969f-428a-4139-aed5-f1dff7cb1150,2019-05-10 04:00:39.360,222.72,300
41ea9bb3-ce85-4d0d-824d-0021fed892c2,2019-05-10 04:00:41.562,1116.66,1200
66d9506d-de5a-40d5-8583-46840bbf66bb,2019-05-10 04:00:43.622,957.48,1000
1087fc67-c213-4357-ac1d-dbe19ea0ea58,2019-05-10 04:00:45.240,499.01,500
811cd7cf-ec46-41fb-8e4f-a056cf6aa3fe,2019-05-10 04:00:47.220,898.19,900
73d98cb7-46b6-475e-b2d9-b889eecbcb56,2019-05-10 04:00:49.000,667.66,700
52210fe5-4244-4627-9b01-ac676a28afc7,2019-05-10 04:00:51.242,1161.08,1200
3a76cbca-2518-4b59-98bc-a2713e7dac7c,2019-05-10 04:00:53.701,1367.55,1400
edde7056-aaf9-42fe-a47a-a25539973fc0,2019-05-10 04:00:56.020,1195.03,1200
099ca96a-ce99-4340-aa90-70e8e109a82b,2019-05-10 04:00:57.303,207.47,300
ef41466d-4dfd-46fc-ad58-22fed99bb351,2019-05-10 04:00:59.122,737.81,800
813f41d1-4b38-431a-8676-e34b876e9c42,2019-05-10 04:01:00.325,116.6,200
e20c6d6f-d2bc-413c-91a1-78006c26e6e5,2019-05-10 04:01:02.760,1325.65,1400
8c18b6e9-a69f-4e12-afdf-ff4eb4def638,2019-05-10 04:01:05.520,1663.01,1700
78e583d8-60b0-4658-bece-b69cdad93743,2019-05-10 04:01:06.722,121.81,200
e0f583e6-ea68-4421-9ee2-dbd2375e531e,2019-05-10 04:01:08.080,252.26,300
52b8c27f-1284-49af-a3c8-7b6a146c1874,2019-05-10 04:01:09.200,37.54,100
e84fbd16-eadb-41a7-a139-55946fb598b7,2019-05-10 04:01:10.383,114.82,200
b71af28a-c732-49fd-8ff9-14cf960ad9f9,2019-05-10 04:01:12.303,828.79,900
56c00e2d-8de0-4385-885e-2ff5f2436db7,2019-05-10 04:01:13.440,39.31,100
34842855-5a4e-49c8-a2f3-e022237d677a,2019-05-10 04:01:16.024,1490.87,1500
3d2304ca-8021-476a-94d1-668035f5c6b5,2019-05-10 04:01:17.226,121.96,200
543ff48e-ad10-4a59-b8bc-2ee7283748ca,2019-05-10 04:01:18.720,396.36,400
2eaf2ae8-56f8-4ef7-a46d-1a2e94401eb7,2019-05-10 04:01:19.841,49.93,100
a66dde6d-7ae8-4d8e-bffb-60c8b7b0e0c4,2019-05-10 04:01:21.642,710.29,800
f55eab3a-7d21-48a5-a72c-908468fb4223,2019-05-10 04:01:23.640,901.97,1000
41543640-7e48-448e-b1bb-f6302dc32dd5,2019-05-10 04:01:26.125,1417.96,1500
f624aaf4-11d1-466a-8267-44997d131e77,2019-05-10 04:01:27.783,476.9,500
3ddb9555-4a8f-426a-b72f-194fe7cccf55,2019-05-10 04:01:28.924,35.92,100
285cbf14-ef2c-4620-91b8-716e031a6637,2019-05-10 04:01:30.464,439.47,500
ffc315e1-169b-4427-af96-e27a490feb12,2019-05-10 04:01:32.043,485.12,500
6f326169-2607-45fe-92b8-a991d25d95ec,2019-05-10 04:01:33.443,317.3,400
be2a1295-6df3-476d-81fd-a9e7411fc80e,2019-05-10 04:01:35.403,867.44,900
dc98627f-7ba7-459f-9784-7d5a17063ac5,2019-05-10 04:01:36.662,136.85,200
3e695a5a-8677-4beb-967c-d0d383cddcf1,2019-05-10 04:01:38.463,734.54,800
ba77f882-299f-43f0-b496-1ce10475d92b,2019-05-10 04:01:40.444,897.84,900
c60b108b-74f8-4de6-9446-417b9e094ae8,2019-05-10 04:01:41.820,259.44,300
e7083cac-6f27-44ed-a3ef-8d56e5b2666c,2019-05-10 04:01:43.082,177.18,200
ecc41dc4-060f-4057-a82a-f53ddc560590,2019-05-10 04:01:44.682,520.07,600
f3548246-c26c-402e-94dc-193812030e5a,2019-05-10 04:01:46.181,359.97,400
5bde72ea-4c86-4f3d-9bca-095e1d1af744,2019-05-10 04:01:47.400,98.16,100
070330e8-d35c-4ccb-8529-fa6c120429d8,2019-05-10 04:01:48.770,278.3,300
72dc1d1c-c544-4b14-9b19-f38213408c95,2019-05-10 04:01:51.322,1446.1,1500
ea17a180-e2bf-42d4-be80-9c434ed54077,2019-05-10 04:01:53.184,754.26,800
14b506e2-f358-43bf-bc94-c76eb21340ed,2019-05-10 04:01:54.743,311.36,400
59ce9897-5805-453f-9f2f-bdefde995108,2019-05-10 04:01:56.581,758.63,800
d96f85a6-b2e1-47ce-a149-0e0220f6b4e3,2019-05-10 04:01:58.023,367.22,400
857e16df-5ad8-40b7-b190-2c92473be073,2019-05-10 04:02:00.200,1062.98,1100
3573f21f-8900-4123-a08b-c5d206e9f246,2019-05-10 04:02:01.322,48.78,100
dc574539-a6b4-4ee9-8054-1da7c276a273,2019-05-10 04:02:03.340,924.92,1000
2c1c01dc-6a5a-468e-9e8e-d52ed1740fb1,2019-05-10 04:02:05.804,1377.77,1400
88087c59-b897-464c-a963-75c50c4daa30,2019-05-10 04:02:08.103,1153.07,1200
bc69f678-ad45-491e-afa9-e7c578fd6e92,2019-05-10 04:02:09.883,554.09,600
a6f74c7a-6806-4738-9a3d-3ef85e7e2f0d,2019-05-10 04:02:12.169,1182.35,1200