@requestId,@timestamp,@duration,@billedDuration
2ca7d4c7-f34a-400b-900c-66b189719113,2019-05-22 20:09:13.292,6897.91,6900
4a409f5c-f962-4a96-8c9b-174a91a4fe05,2019-05-22 20:09:05.292,8726.67,8800
32dc71a4-1f71-498d-be63-f26353bb5a8e,2019-05-22 20:08:55.478,9292.42,9300
5b7a990c-b1dd-4380-b8dc-847da2102687,2019-05-22 20:08:45.075,9533.42,9600
597e4121-dd79-4780-be7e-8e4ab8ae222e,2019-05-22 20:08:34.454,6461.47,6500
985ceec5-3693-44c2-bf75-c012cd9a92cf,2019-05-22 20:08:26.913,8917.69,9000
080e4b27-f086-4e98-a7f6-f3b37053fe8b,2019-05-22 20:08:16.912,4530.19,4600
677a1e91-9bb4-4c98-9b7a-59a6824b6d56,2019-05-22 20:08:11.252,5235.21,5300
def26024-ec7c-41c6-a30e-e2998ef30d04,2019-05-22 20:08:04.932,6354.66,6400
fe9fc233-2af4-4b78-bbbf-5f59012ba33d,2019-05-22 20:07:57.475,9311.59,9400
fc68c837-b721-4160-a7fb-0338e344ab2d,2019-05-22 20:07:47.076,6687.45,6700
48d6afbf-8ebc-494a-951e-df33d735f352,2019-05-22 20:07:39.254,4516.44,4600
9e658f04-bc3a-4b1e-8f45-abeb7429b486,2019-05-22 20:07:33.655,9218.42,9300
f00eed99-191e-42ed-b99b-78bac2cd36a6,2019-05-22 20:07:23.333,8363.15,8400
1aa3224a-3940-4d16-a56f-db4140b57dd1,2019-05-22 20:07:13.733,9345.57,9400
eca8bd1b-b2fc-4ffa-963c-517d5f20d3bf,2019-05-22 20:07:03.312,9174.33,9200
3abc6066-46bf-44be-ac92-29f612d18b0a,2019-05-22 20:06:53.052,9516.88,9600
3a0a9770-e89a-4ceb-a088-fa6886c575d0,2019-05-22 20:06:42.435,8508.96,8600
00c030e7-f5fb-4dcb-a39a-c731f52a2f2e,2019-05-22 20:06:32.832,3996.01,4000
0b5794b3-9470-423c-911e-357f1f739ec8,2019-05-22 20:06:27.736,4661.46,4700
511a87d5-1e18-4490-85f0-622842a349bd,2019-05-22 20:06:21.973,8918.96,9000
f4d73a62-b684-4cd6-9651-ec7b5546a49c,2019-05-22 20:06:11.972,5054.76,5100
ff970fef-7678-4e64-8dcd-c1b9768a8a8f,2019-05-22 20:06:05.794,8774.85,8800
b160f671-319c-47cb-b21b-55ebff9abc36,2019-05-22 20:05:55.936,8594.89,8600
6cf02da5-052c-4724-96b1-2181113e6615,2019-05-22 20:05:46.272,6741.2,6800
618ea0e8-ce26-426f-8a23-e9da53e3b526,2019-05-22 20:05:38.393,8393.52,8400
68984db6-578b-4c8a-9878-bd5398ffa25f,2019-05-22 20:05:28.915,4452.19,4500
178dbd37-ffae-49b3-b1a0-a49137a933f2,2019-05-22 20:05:23.375,9590.89,9600
8aecfc7d-cb8a-4dce-98dd-b9bcd1f416c4,2019-05-22 20:05:12.712,6816.08,6900
821a124f-41d5-42cd-94bb-732296812d4b,2019-05-22 20:05:04.794,6191.87,6200
2ab50056-db1e-4bfc-9c9e-0b86a62a8bd9,2019-05-22 20:04:57.455,6753.27,6800
c0064f66-a120-4032-b175-640994a6dbee,2019-05-22 20:04:49.613,9624.94,9700
64a12cda-f68b-4f8a-980e-d40ab0994650,2019-05-22 20:04:38.876,8134.67,8200
d8b68355-c978-4e06-86b8-9e13cf04eaed,2019-05-22 20:04:29.672,9447.64,9500
9851f10e-b926-4c5e-bf11-63ba291e3a70,2019-05-22 20:04:19.114,8950.93,9000
056806e3-fc71-49dd-b77b-ae1754570f69,2019-05-22 20:04:09.054,7220.15,7300
d754c6f5-2ce7-402d-8022-bb4aca0011c3,2019-05-22 20:04:00.752,8238.7,8300
c622aacf-cc20-45ff-947e-33c1ec8c004f,2019-05-22 20:03:51.412,5985.25,6000
1e9590b7-fcf5-4765-b5d5-61259f4b042c,2019-05-22 20:03:44.335,4177.8,4200
4ab6d470-6833-48ac-a608-069e77b488c6,2019-05-22 20:03:39.052,8551.74,8600
c7d15d23-eb2d-4bc1-88f2-9b66319cef0d,2019-05-22 20:03:29.416,4617.93,4700
3b583d26-06ac-43b7-a157-0c1596114e4d,2019-05-22 20:03:23.714,4118.68,4200
d7818d26-66fc-450b-af83-fa8b569fe820,2019-05-22 20:03:18.512,7622.94,7700
d74f7a3f-01bf-4739-a58b-62babc4039e8,2019-05-22 20:03:09.812,6287.51,6300
69a8fb29-11d1-47e3-8686-d5fa98f603bd,2019-05-22 20:03:02.412,8688.27,8700
5762851d-83e5-461b-a150-135150fe518e,2019-05-22 20:02:52.636,4777.02,4800
4e7a90bf-faa1-4f46-aa6d-a30641466ee5,2019-05-22 20:02:46.714,8245.84,8300
6ad82cb0-9407-46e8-b9dc-241068137e4a,2019-05-22 20:02:37.392,7429.06,7500
72083f5e-fcbc-4d93-9ce4-40fad1d02a77,2019-05-22 20:02:28.854,4307.33,4400
1a35a90a-65d8-4fac-bc1f-4a4086dad53a,2019-05-22 20:02:23.434,4497.19,4500
925c93fd-2724-447a-b2a4-a104529192da,2019-05-22 20:02:17.872,4388.06,4400
46fb3454-08c1-4c67-a101-9830aa0f167b,2019-05-22 20:02:12.392,8118.59,8200
595bd67f-6dea-4087-a42f-2f5565c801ac,2019-05-22 20:02:03.192,9339.84,9400
80c198ea-9a22-47b0-9674-307802791696,2019-05-22 20:01:52.753,4961.53,5000
c8c6fe19-bb01-40a6-a3ac-c0e0b279615e,2019-05-22 20:01:46.692,6787.51,6800
7bf10424-fdc0-4482-a6fc-af1ed0ab8de3,2019-05-22 20:01:38.832,6253.69,6300
adec9726-84cb-4ab1-bba6-a45ade3f7e7e,2019-05-22 20:01:31.492,9566.63,9600
bb7ffc92-9869-43b0-806e-529e7dda737f,2019-05-22 20:01:20.815,8847.92,8900
d0e2b390-7cb6-47be-81c8-fe8cc45e9f01,2019-05-22 20:01:10.872,8094.12,8100
06f2093c-655f-44f1-b7cc-3b1f1b7e1f85,2019-05-22 20:01:01.692,8582.76,8600
0028a4c7-9229-4327-aba5-9204e91791d2,2019-05-22 20:00:52.013,9128.25,9200
ef95ab07-d088-4dad-968b-b91d44369740,2019-05-22 20:00:41.794,4209.61,4300
6d994776-687f-4c98-aeee-78bf5a14c7ad,2019-05-22 20:00:36.494,8324.89,8400
0fccb8d1-7e8e-4589-acb5-007999a708f2,2019-05-22 20:00:27.075,8525.69,8600
b53f5a2f-87e7-4e37-b541-18b7d0862b43,2019-05-22 20:00:17.472,9256.04,9300
5af91602-aee0-45cd-a31a-ac1ac518595f,2019-05-22 20:00:07.094,9265,9300
464a3f1b-289c-493a-a2eb-fd31db3ee5ad,2019-05-22 19:59:56.733,5931.31,6000
cc7c8b7a-aa84-464b-bd9f-25b429b62bb3,2019-05-22 19:59:49.714,9190.69,9200
e30c64ab-0f72-45a5-8a69-9ce172d704b2,2019-05-22 19:59:39.394,4516.23,4600
ddbbf633-8e10-463d-87db-382c54280964,2019-05-22 19:59:33.792,8241.32,8300
81f90126-9944-4873-978d-ac86ae63e318,2019-05-22 19:59:24.436,9570.53,9600
9e495a4e-c0df-49be-9f6d-d6943b4d0999,2019-05-22 19:59:13.772,4601.43,4700
dd03a471-8a3f-42cb-9374-8dcbaa5d82c9,2019-05-22 19:59:08.054,9184.29,9200
e38f1047-3acf-4e48-9929-449e5bc3774e,2019-05-22 19:58:57.792,9278.98,9300
3a6b8c52-0560-4398-827d-9a9d1a192223,2019-05-22 19:58:47.412,7009.78,7100
18468cd8-9767-47bc-ad3b-5e475d31a9c1,2019-05-22 19:58:39.234,8488.77,8500
ae1c6821-8056-4ad5-a19e-5865cc09b07b,2019-05-22 19:58:29.672,9139.37,9200
99ba9778-ecf3-462c-82cd-39a62725ec0c,2019-05-22 19:58:19.432,9287.17,9300
b6211fd4-a838-4362-a77a-d33dd87a2ac9,2019-05-22 19:58:09.032,4524.85,4600
d14306e3-0e6e-4128-a9ea-e30beb1aad73,2019-05-22 19:58:03.432,5053.31,5100
aa0c1b2a-4373-42c3-8fb5-90b2a463c686,2019-05-22 19:57:57.292,9039.36,9100
2530c293-dae6-40b3-b680-78375e104a70,2019-05-22 19:57:47.132,6882.79,6900
06c51eb9-8afd-4c84-b91e-98b4af175517,2019-05-22 19:57:39.155,5222.23,5300
3ebf0be3-8edd-462e-8703-fc1b12092bf9,2019-05-22 19:57:32.815,5072.65,5100
37b27b44-c8b5-47fa-944b-660b5686397b,2019-05-22 19:57:26.653,9231.22,9300
1903dd61-e684-494f-8ed7-d791289f95cd,2019-05-22 19:57:16.334,9439.13,9500
2d9bc986-ff4b-4824-855b-7419bdbd2cc0,2019-05-22 19:57:05.795,8471.1,8500
b957bedd-c133-40cf-ab5e-1d56ede330ca,2019-05-22 19:56:56.252,6276.46,6300
5536473c-1086-44da-b5d5-aaeb62486c12,2019-05-22 19:56:48.872,9375.07,9400
22237c9f-233f-49b3-be79-2869387d7a78,2019-05-22 19:56:38.412,9290.45,9300
119d1011-746b-48e7-b58b-11c28882c6d4,2019-05-22 19:56:28.012,6681.81,6700
424df224-a99c-48ac-b3b2-485b7e33fe19,2019-05-22 19:56:20.234,9626.5,9700
cdf13b78-a23f-492a-81f2-c222a9d2a757,2019-05-22 19:56:09.515,9617.07,9700
d8aeaee4-34ce-4365-8e09-8437f13d36d4,2019-05-22 19:55:58.814,8260.6,8300
f3e09c16-2b42-4592-a915-1f6400482ddb,2019-05-22 19:55:49.454,7067.51,7100
57a836e3-71c0-4c07-9f47-45e2571447b6,2019-05-22 19:55:41.293,9417.22,9500
c8ff4a29-a745-4beb-8df4-76b9f40d0866,2019-05-22 19:55:30.776,4512.84,4600
4593189c-b046-4d6b-bc3c-9914be5bf476,2019-05-22 19:55:25.155,7318.66,7400
9668142e-406a-4c5d-83a8-f5b586720de9,2019-05-22 19:55:16.753,9433.55,9500
bf45c724-b3e0-4af9-b1ea-f138d188e203,2019-05-22 19:55:06.252,4954.6,5000
aa925ec5-4057-4025-99a7-78c53352cce9,2019-05-22 19:55:00.193,8196.82,8200
5d41289b-aab6-44f4-bb07-1f0bf90642f0,2019-05-22 19:54:50.914,9298.48,9300
b68ff17d-93e5-402c-afb1-0290a8bbf9a1,2019-05-22 19:54:40.532,7054.01,7100
d68f6407-4567-45b7-bca3-b1373b0193e0,2019-05-22 19:54:32.392,5116.82,5200
6a1d63d9-55dc-407a-9d92-c65a408384d1,2019-05-22 19:54:26.175,7212.16,7300
99009677-9848-4f5a-a82e-01f18072ffcc,2019-05-22 19:54:17.892,4773.7,4800
7c245f4d-10c2-4362-b32b-0e6c5b9fc096,2019-05-22 19:54:12.032,9441.52,9500
4dc3d209-c268-41ef-ba29-73ff5705e24e,2019-05-22 19:54:01.476,9455.3,9500
6750bd34-2749-4519-98ed-73f6a3e7bdd1,2019-05-22 19:53:50.933,5625.29,5700
5a86d396-4dad-4f97-8aed-6fc3fe1af764,2019-05-22 19:53:44.232,8970.13,9000
b6e74bfb-54f6-45d2-b9e8-342762847d20,2019-05-22 19:53:34.172,9199.27,9200
17b0a865-368c-45b5-bf27-354d7cd3a687,2019-05-22 19:53:23.732,6030.95,6100
f501526f-9858-4294-811a-22ccd2a0c103,2019-05-22 19:53:16.473,4517.51,4600
44a4c8e6-a352-49a5-b0e7-1b3f85cbba95,2019-05-22 19:53:10.854,8959.37,9000
61c16a40-3f9e-4385-a74b-fc039fea0d84,2019-05-22 19:53:00.800,4659.37,4700
8df85538-e9a3-4dcf-882f-58ba1252e289,2019-05-22 19:52:55.054,9370.99,9400
b350a807-7f48-4ceb-82b0-0392bc792623,2019-05-22 19:52:44.612,4936.28,5000
e85e0c45-5f3f-4556-a2dd-7c28b533d154,2019-05-22 19:52:38.592,6761.38,6800
aae699d7-8341-46e9-b135-f97fd107eb5a,2019-05-22 19:52:30.734,7478.28,7500
b26c73f7-7f3c-43c0-b6e7-556d75e3a451,2019-05-22 19:52:22.175,9298.85,9300
fbdff5e9-114e-47c0-bee7-1a133156dd65,2019-05-22 19:52:11.672,6750.61,6800
12367783-acbe-4b0f-88f2-0bdb3ebeb15b,2019-05-22 19:52:03.832,8310.28,8400
264d05fe-a88e-4a9e-b47b-74dbacdebff5,2019-05-22 19:51:54.412,8858.42,8900
6dd0156d-63f4-4a6b-8e1c-a4907094ecf5,2019-05-22 19:51:44.452,9516.33,9600
7c96981c-9f04-4540-b4bc-c45e4f8aa64e,2019-05-22 19:51:33.834,9025.01,9100
9ea60fbb-7782-4361-9d73-27140182a207,2019-05-22 19:51:23.715,5278.79,5300
254807e1-bdf7-4354-8196-64bc2c7d0280,2019-05-22 19:51:17.355,6829.21,6900
39ebc729-7ab0-4323-b2da-e768ad4abe81,2019-05-22 19:51:09.412,9376.04,9400
3a856033-3ba7-4ece-96ff-12c0323e99d0,2019-05-22 19:50:58.934,7559.45,7600
c1a5e5af-9cb2-4a08-8df6-0c18405b34a7,2019-05-22 19:50:50.312,9565.21,9600
78b52946-868d-4781-9983-57ae3e576f63,2019-05-22 19:50:39.633,9579.35,9600
0c83aee1-36a0-46cb-baf7-b1eeccaaae19,2019-05-22 19:50:28.973,8800.98,8900
6626e6ca-f7c5-4ddf-95c5-f45a43bb2259,2019-05-22 19:50:19.092,4989.98,5000
082090f8-e09f-4eb9-ac54-e62b006b8718,2019-05-22 19:50:12.973,4658.28,4700
05847624-4399-406c-8cf9-bd4367e37742,2019-05-22 19:50:07.214,5885.52,5900
5f43ea6d-5501-4a18-be36-8b2e45bee1a1,2019-05-22 19:50:00.234,9539.83,9600
a9713620-867e-4120-ad29-2a25855edcaa,2019-05-22 19:49:49.613,5427.78,5500
c671bd90-3eb5-42f6-b4d5-c60c312f9a58,2019-05-22 19:49:43.112,5458.56,5500
c2d9028d-1577-4371-b8cb-0ccba04ade9b,2019-05-22 19:49:36.552,8783.57,8800
13669540-f7cc-4f5e-ab99-e5a8fa3e965e,2019-05-22 19:49:26.672,5233.89,5300
fe483baa-cf59-4545-91fb-5c7cf973ab6c,2019-05-22 19:49:20.333,9321.7,9400
a98c0719-d94a-4408-9b9c-c5841085b68e,2019-05-22 19:49:09.872,9082.84,9100
14a29f99-e33d-4daa-b5e3-18242333e0f1,2019-05-22 19:48:59.696,7094.54,7100
2e1a71d3-4dba-4454-9e17-33abeed6a29c,2019-05-22 19:48:51.512,9285.97,9300
5b6f03d2-d66d-49ed-803d-74877bd0ce2a,2019-05-22 19:48:41.112,6200.81,6300
8140f383-02a7-4d93-8ac6-6e4e5325210f,2019-05-22 19:48:33.754,8911.51,9000
d8b214c2-a424-4793-8903-aa804374c183,2019-05-22 19:48:23.755,9290.58,9300
e3379f8c-5fb5-4ffd-8c3e-7d688f28e355,2019-05-22 19:48:13.377,9316.35,9400
117cedfd-3a04-42fa-bab6-927f4b0623bc,2019-05-22 19:48:02.854,8521.57,8600
9479a876-8bf9-4068-9dcf-b9670add596d,2019-05-22 19:47:53.232,9414.44,9500
705837e3-e97c-44ec-9a74-834fa73f292a,2019-05-22 19:47:42.713,9032.44,9100
f879895c-1152-41b4-ab0d-eb3aaac70903,2019-05-22 19:47:32.596,9593.76,9600
ea9b7bd9-9535-4b2d-9325-6474e1c993bd,2019-05-22 19:47:21.912,8318.12,8400
0915b13f-2ede-455c-b769-868a5730bebe,2019-05-22 19:47:12.512,9452.73,9500
5a92faf6-6f10-460d-a198-93bda3bd8bdd,2019-05-22 19:47:01.852,9775.69,9800
7b14e025-08e9-4c0d-97e8-bf40c2e609a3,2019-05-22 19:46:50.973,5278.62,5300
6e485ee6-ae7d-4be5-ba5e-db2ba79094e7,2019-05-22 19:46:44.593,9293.89,9300
f576789d-2a26-4fac-90d4-135f9830e3dd,2019-05-22 19:46:34.213,6754.24,6800
01fee988-4567-4e0b-b28e-24325d7400e7,2019-05-22 19:46:26.372,9131.31,9200
c1fc1296-c015-4fca-b48b-3fd3758c5626,2019-05-22 19:46:16.172,9474.54,9500
aa3a8254-d18d-4679-82a6-440630339a8a,2019-05-22 19:46:05.593,8773.86,8800
a9d4a854-8f06-44ec-8c09-5b7ea325d721,2019-05-22 19:45:55.733,9119.71,9200
5f028f89-2e65-41e9-b6ff-95bad4b02e34,2019-05-22 19:45:45.532,8415.04,8500
f19cc1ad-da5f-4885-9757-4c5783719e7d,2019-05-22 19:45:35.995,6098.72,6100
9d475dfd-b531-490e-9a9e-3ff52d230ab4,2019-05-22 19:45:28.814,4520.34,4600
3c1d30f8-c6e6-4540-b955-d3dde7b642be,2019-05-22 19:45:23.212,8653.87,8700
9eb54b93-18ad-41e7-8801-26cbc7834261,2019-05-22 19:45:13.441,9286.03,9300
752f9add-684f-4bb0-b14c-ca0dde0932e5,2019-05-22 19:45:03.092,9684.52,9700
ed9aa2bc-9ec5-4e77-9738-c7d54467f132,2019-05-22 19:44:52.295,4373.21,4400
f6d56b6d-7aaf-409b-8ff3-e9dbc5c04b6a,2019-05-22 19:44:46.852,6410.97,6500
807ef6cc-5f54-454e-8d8e-0d5875307c37,2019-05-22 19:44:39.352,9223.75,9300
739ae844-ccda-4a51-9771-0c78481cd82b,2019-05-22 19:44:28.972,7329.31,7400
d6091cff-e514-4bc8-a82e-54e6f853d0e8,2019-05-22 19:44:20.552,8482.95,8500
4b665ac6-6068-4de0-a00c-1d686d321929,2019-05-22 19:44:10.955,9391.83,9400
2d5ad47b-5445-4a0e-8314-1e2d8ad4791b,2019-05-22 19:44:00.476,6779.92,6800
e86b0b1a-19cc-4637-848c-df9ebef01275,2019-05-22 19:43:52.613,6775.5,6800
95a09b26-ef06-4890-83ba-3b5982ddcde8,2019-05-22 19:43:44.752,9221.22,9300
8715fb1e-75cf-485c-a5d7-627727e1b050,2019-05-22 19:43:34.432,4914.36,5000
c59e3f68-3192-4e08-bd2a-1a290261d7d8,2019-05-22 19:43:28.374,6033.07,6100
3cf65355-2d92-46c9-bf92-3aa83662c01c,2019-05-22 19:43:21.252,5272.01,5300
d833f9e9-4776-447f-86fa-c7a26d9fabe6,2019-05-22 19:43:14.873,8191.15,8200
875da932-1c1b-4d9e-90bb-9194472ac465,2019-05-22 19:43:05.574,9297.24,9300
2fccba70-a505-4b31-874a-f37143916320,2019-05-22 19:42:55.193,7145.4,7200
01ae13d3-fd47-485c-bce6-24640aae6e5c,2019-05-22 19:42:46.953,6875.74,6900
a0d938d9-c3b8-4671-996a-debbd738ef24,2019-05-22 19:42:38.994,9532.66,9600
58d2c61f-7660-41aa-ab16-91d040fb7eb8,2019-05-22 19:42:28.372,9123.02,9200
f626923c-495b-4221-af6d-acc74d31f35b,2019-05-22 19:42:18.133,8173.85,8200
b475cdf3-8281-4dcd-a626-611583168521,2019-05-22 19:42:08.892,5210.87,5300
83e80633-31c6-4e82-b15f-90b45c02cb1b,2019-05-22 19:42:02.592,9518.55,9600
405440c9-3c0a-466a-b521-e6a694c0113d,2019-05-22 19:41:51.973,6523.57,6600
a87856d2-5ac2-402e-8332-6f21af8e52fc,2019-05-22 19:41:44.355,6291.4,6300
891bbd6e-6bd2-4ab9-8e2e-5e8ba93d5ead,2019-05-22 19:41:36.975,4609.04,4700
8fceedf3-7049-4aee-bdb9-525a70ff2c00,2019-05-22 19:41:31.292,6611.86,6700
69950c20-cd6b-4b8a-bc80-25334375596e,2019-05-22 19:41:23.557,6251.81,6300
8122be4b-d447-4834-83d3-4fcc40748d69,2019-05-22 19:41:16.216,5181.66,5200
7697c6c2-5ff5-467f-9417-1511126fb7c0,2019-05-22 19:41:09.952,4997.95,5000
1c034145-e1f9-4eb0-a284-81afafe2502b,2019-05-22 19:41:03.852,5115.17,5200
40f876e4-33ea-42a9-b1bf-4f2984f4e9a5,2019-05-22 19:40:57.632,8416.66,8500
f7d65471-7491-4005-8b9d-97e2fabd2844,2019-05-22 19:40:48.132,6339.38,6400
3d5a8c10-bb2b-4fff-b1c0-cea15845945e,2019-05-22 19:40:40.693,4691.76,4700
c0c635b7-7390-4903-b85f-dbecbc06de3b,2019-05-22 19:40:34.932,6633.88,6700
91b1c5da-a39a-4c33-aedc-99463ee852ba,2019-05-22 19:40:27.195,4293.12,4300
dbeeec9b-36e0-4f2f-87df-dfe8a020289a,2019-05-22 19:40:21.812,5366.51,5400
1fb15d0a-d58e-4b73-a76a-8669531417fa,2019-05-22 19:40:15.334,6917.98,7000
0065533d-b01d-44fe-ad55-560aef7f2228,2019-05-22 19:40:07.333,9485.72,9500
6572934e-a686-4771-8d03-24ac67d71e77,2019-05-22 19:39:56.772,9102.63,9200
02f171ab-6c87-4586-8237-0f828685b4fd,2019-05-22 19:39:46.538,6749.51,6800
b67bc66d-e0d0-49bc-9583-0bc748189ee7,2019-05-22 19:39:38.696,4678.73,4700
6617c97e-ed54-4a7c-a870-1f60573de58e,2019-05-22 19:39:32.952,4676.8,4700
9d629258-c66a-4970-99cf-7d3d63d5c761,2019-05-22 19:39:27.172,9524.19,9600
d3e9a7ba-e3d9-4cda-94af-fe82e5c34427,2019-05-22 19:39:16.572,6946.81,7000
f3dde87b-d29a-441d-822e-2dcbdf51fa2a,2019-05-22 19:39:08.513,4986.43,5000
f66f5d02-db1e-4f10-bc1f-45cfe35382e2,2019-05-22 19:39:02.314,7152.01,7200
fd4bdbee-7486-47eb-8d27-463a0e61595d,2019-05-22 19:38:54.092,6568.49,6600
27530b06-9d70-4fd3-a314-bafcb05c01a5,2019-05-22 19:38:46.413,9378.71,9400
3e19eb88-6688-495b-b722-8124e18bf209,2019-05-22 19:38:35.934,9056.64,9100
44f90b22-feff-4a6e-9764-9cbf60d9675d,2019-05-22 19:38:25.812,9195.28,9200
9c10deee-8a88-4b9b-904b-4e28cd46e0e6,2019-05-22 19:38:15.494,8916.51,9000
c836fb1c-562b-4d57-97da-413af380801b,2019-05-22 19:38:05.455,9284.11,9300
f35dafc6-7e0e-4f30-ae1d-8d13aef49cc4,2019-05-22 19:37:55.074,8932.23,9000
630beecc-ce32-42fc-abb3-de9a5753caf8,2019-05-22 19:37:45.054,9137.54,9200
a4998dc0-deda-44f1-8ce3-060bc7446d55,2019-05-22 19:37:34.832,6015.35,6100
277e56ac-6494-4f97-82c3-dbfc6aacb40d,2019-05-22 19:37:27.713,4329.7,4400
d3ddb5ee-936b-43c9-bfb2-964cd6656e2a,2019-05-22 19:37:22.312,4474.82,4500
b930d28b-8b75-4f78-81fe-e15279114277,2019-05-22 19:37:16.752,9383.95,9400
65705586-5e3f-451a-9386-0f4a0c91eb0f,2019-05-22 19:37:06.234,4538.65,4600
9dd41e8f-14b0-4218-a9eb-0c074d0b2b97,2019-05-22 19:37:00.612,9035.27,9100
2caccdfc-6cab-4ee1-ba26-c6776252e5da,2019-05-22 19:36:50.473,5936.5,6000
31ab351f-ab36-4b8e-b43a-cf0de50188ed,2019-05-22 19:36:43.454,6611.22,6700
b3b7bc14-6c43-4551-b431-6e6291ad001b,2019-05-22 19:36:35.772,9016.7,9100
f29539af-14d1-4c5f-9559-d8b1dedc3747,2019-05-22 19:36:25.652,6494.29,6500
973a7fb9-d729-4044-94a4-e3a74aee3bb8,2019-05-22 19:36:18.072,7399.21,7400
9e656e43-d7bb-4b77-9856-8ec8e2df7c1d,2019-05-22 19:36:09.572,5813,5900
791e8f1d-efa9-45b8-b461-52f0a665c278,2019-05-22 19:36:02.652,8721.99,8800
281704f3-e018-4683-99b2-eed82266b285,2019-05-22 19:35:52.852,7603.31,7700
3bb1753b-aa08-4674-9673-8e8502aace7b,2019-05-22 19:35:44.112,9248.85,9300
f2e2495e-6384-4338-8ab4-4ff42012c5e6,2019-05-22 19:35:33.792,5189.27,5200
61cee95a-1dd7-462f-8217-393d792871b5,2019-05-22 19:35:27.455,9463.58,9500
7f838d22-7fe9-49a7-8400-894dd16bea6a,2019-05-22 19:35:16.894,8926.59,9000
66c68663-3689-4aa1-a5dc-6e813538f04c,2019-05-22 19:35:06.853,9347.23,9400
c6d16611-31f7-4899-935f-cea2512de8a8,2019-05-22 19:34:56.432,8558.52,8600
fa68cc39-e288-4fd8-a75a-b6df2223f487,2019-05-22 19:34:46.732,6539.36,6600
928ba366-fa67-4cc9-8cab-f27a1cb6aef0,2019-05-22 19:34:39.093,6225.54,6300
4572455b-6639-4049-b1ae-468be255cfd9,2019-05-22 19:34:31.774,9597.25,9600
b2ebae3f-53c6-4e65-b6c0-6750a15f96f0,2019-05-22 19:34:21.112,9534.17,9600
9ebbde19-7ad2-4e9f-a886-4cfee8a723af,2019-05-22 19:34:10.472,5474.03,5500
c6c7c08c-5b18-4053-a773-d30ae1b6dc27,2019-05-22 19:34:03.915,8865.24,8900
c55cd88c-2f55-4868-8634-ce9aa5ee9251,2019-05-22 19:33:53.954,9318.57,9400
0fcece77-80a0-4b3b-bb64-c48de2eae9d5,2019-05-22 19:33:43.552,8774.62,8800
48fc332b-e677-464e-9924-423b8ca3fe9b,2019-05-22 19:33:33.692,4970.53,5000
3a3125d5-127d-4f89-a5b5-92e664703067,2019-05-22 19:33:27.616,9533.99,9600
c3f88506-8553-402f-af61-b5e638022573,2019-05-22 19:33:16.994,9187.78,9200
aed244fe-7d4d-4538-8af7-2b1f4905a31b,2019-05-22 19:33:06.713,8026.71,8100
071e7673-4ead-4493-adc9-3bcaefb592b6,2019-05-22 19:32:57.575,7198,7200
c22fb666-4a71-4bec-b230-c0ec7881a79f,2019-05-22 19:32:49.292,9591.59,9600
ab6d177e-8c75-4535-a446-15226830394e,2019-05-22 19:32:38.572,8514,8600
5ce66e54-ea16-499e-a2db-3b7888228d89,2019-05-22 19:32:28.973,9514.33,9600
9d8fdac1-b2e2-4f1b-bd27-fa87bcf3313d,2019-05-22 19:32:18.373,9053.46,9100
67e4a0b4-91df-4399-8334-5003c10064d7,2019-05-22 19:32:08.235,6830.61,6900
149246a4-c1df-4380-9ec8-ec322e2b39b8,2019-05-22 19:32:00.314,9072.04,9100
de33e658-3533-4ea3-a398-03bd94187bb8,2019-05-22 19:31:50.154,9307.72,9400
1ce23e5e-45ef-4c27-9504-e06aeb06852b,2019-05-22 19:31:39.752,9495.13,9500
abbe8b54-2d16-4a1c-9924-e81564f17cba,2019-05-22 19:31:29.113,5773.92,5800
174cebde-5fab-4f43-b059-61c5c00991a8,2019-05-22 19:31:22.272,6798.91,6800
96ec7a1f-e683-4337-a023-399b1349b4ef,2019-05-22 19:31:14.372,4275.26,4300
71ad3291-a2eb-485d-b270-b7bc2742a6c4,2019-05-22 19:31:09.012,9264.85,9300
2557bba9-baf3-4b33-82f4-7b9780166ffd,2019-05-22 19:30:58.652,6634.76,6700
c3735afb-2f83-4198-837d-f92ebec18af2,2019-05-22 19:30:50.932,7023.25,7100
19f34629-6874-4c7d-9cd8-4142bb889962,2019-05-22 19:30:42.814,4101.65,4200
ac069e14-a0ab-479c-8ebf-fb2a9a4aaaa1,2019-05-22 19:30:37.632,7715.74,7800
a58380be-771a-449c-81d7-d8e4a3725621,2019-05-22 19:30:28.814,9598.29,9600
75646eeb-f176-46c5-9274-2b76481c08fe,2019-05-22 19:30:18.152,7309.19,7400
ca18d8a6-4902-438c-a682-069e0df7dd5c,2019-05-22 19:30:09.715,9280.4,9300
dcca9112-acd7-4490-ac57-7a6ae4153e13,2019-05-22 19:29:59.352,9036.68,9100
811f53c9-6420-4822-86e1-9f3f1e7d085f,2019-05-22 19:29:49.212,8922.25,9000
26765239-884f-484b-9a10-8399ca45450d,2019-05-22 19:29:39.196,9210.18,9300
c90e2e0a-6ee7-4b52-b3d4-c2b66c9468b5,2019-05-22 19:29:28.897,5442.17,5500
ebae86af-c946-45f1-89df-3b7bbdc854ac,2019-05-22 19:29:22.372,6215.19,6300
5afe5c71-b8c6-4063-a016-9d1c078aad80,2019-05-22 19:29:15.034,4272.9,4300
f8fe011d-2d37-4589-b194-cd47c874ed7e,2019-05-22 19:29:09.674,9336.8,9400
b566cdeb-c95c-4360-af88-dea7b031197a,2019-05-22 19:28:59.255,4178.11,4200
df4e076e-4432-40f8-942d-3bf6254368be,2019-05-22 19:28:53.995,9356.57,9400
9081f482-5d43-45b6-ab42-8a4845f4a1b9,2019-05-22 19:28:43.554,9727.6,9800
e73fc60a-b127-49ad-ad01-34818bf99fed,2019-05-22 19:28:32.716,4712.53,4800
10672e2f-1f81-4d9b-9a57-9d79eee043c9,2019-05-22 19:28:26.915,7858.5,7900
32d47c10-690b-40ed-a685-3acc5870f4eb,2019-05-22 19:28:17.933,9745.43,9800
cd6c854c-df1f-4659-abc5-9a17703d0bb8,2019-05-22 19:28:07.093,7361.1,7400
c0f3dca8-2d83-47e9-9216-ae6171efa7ec,2019-05-22 19:27:58.652,7220.5,7300
dd83b177-31e3-4e90-8338-ddc361547868,2019-05-22 19:27:50.354,8960.76,9000
c7a83138-edf2-4813-af4a-3b32ceb9d290,2019-05-22 19:27:40.314,8854.1,8900
abce9784-2ad8-4e5d-befc-331b7297aebd,2019-05-22 19:27:30.392,7629.45,7700
a558d30f-03ba-44dd-aea2-1528a2fa9c10,2019-05-22 19:27:21.654,6929.55,7000
95a12aee-21f7-47b5-a72f-1a2ca3a05260,2019-05-22 19:27:13.652,9562.4,9600
2dea7a7c-7779-4f57-93e4-4c072679c66e,2019-05-22 19:27:02.976,6957.01,7000
a4dc2617-eb5f-4ed3-884c-191274b31ce0,2019-05-22 19:26:54.935,8027.9,8100
eb2a214e-b185-4f73-9419-4f48f2ab6857,2019-05-22 19:26:45.832,7943.97,8000
0fae0576-1d7b-4b31-8a31-4a9ed21bba00,2019-05-22 19:26:36.792,4828.8,4900
d0b07603-bb4a-44fa-a6b1-07a77b8622ed,2019-05-22 19:26:30.852,4850.03,4900
80639a86-01db-44d4-9600-a33d4e2d596a,2019-05-22 19:26:24.896,7295.32,7300
5d2c15ae-e5d8-4c0f-83af-0cb81368db13,2019-05-22 19:26:16.492,5265.51,5300
e6fca03f-3b6a-47a4-8f20-d01bf28fb0f4,2019-05-22 19:26:10.114,9136.35,9200
3568b877-e586-4a8e-beb1-6ed7d299abf5,2019-05-22 19:25:59.896,4693.58,4700
334cae0a-686f-4b44-bd5b-83a86897351d,2019-05-22 19:25:54.132,9377.21,9400
46c303f0-23cc-4978-8c7e-ce03376329a1,2019-05-22 19:25:43.653,8206.76,8300
e2bed094-8a34-4e61-9425-5ac6cd96adc6,2019-05-22 19:25:34.372,7459.75,7500
9ae30379-9f90-4b10-a427-2636f512e4d6,2019-05-22 19:25:25.814,8946.86,9000
59fd40c5-b893-458f-a0a1-813469deba27,2019-05-22 19:25:15.755,5965.14,6000
4a2dfb23-d337-46a5-a68f-ca88e2ee6038,2019-05-22 19:25:08.712,5044.84,5100
350d3008-3024-4287-a84f-b0065fc6cd3c,2019-05-22 19:25:02.572,9432.06,9500
1debc0c1-89c9-4a2d-8a4d-3c0260cc38a5,2019-05-22 19:24:52.033,9366.2,9400
bd560c0f-b110-44ab-91cd-19bda58ffacc,2019-05-22 19:24:41.592,9366.66,9400
f9f8bc62-97c5-4445-8313-0bf5cf5f81c7,2019-05-22 19:24:31.114,9456.43,9500
da7fc51b-a2ff-46e0-a3db-74bce1bfc804,2019-05-22 19:24:20.575,7944.41,8000
9159f0a1-d90a-40a4-89b8-54aa7736b83f,2019-05-22 19:24:11.516,5374.6,5400
1f11ceb2-7961-4a99-8c93-3237f379550b,2019-05-22 19:24:04.974,8329.29,8400
b82e5e5f-da94-45ed-9dcc-fef9322d5389,2019-05-22 19:23:55.572,4172.71,4200
d11ba904-b607-429b-b795-476c2f024fc2,2019-05-22 19:23:50.292,4260.78,4300
0061807d-3b1f-4c96-a7bf-b8df9d46fcec,2019-05-22 19:23:44.933,7574.83,7600
9942d7ed-d661-40cd-a41e-a8905b8cc40f,2019-05-22 19:23:36.292,9079.11,9100
1c4b3956-876d-45ca-9094-fbf64f28b671,2019-05-22 19:23:26.113,4474.56,4500
528c1f18-ba62-4e43-ad1f-03a3461cb6a4,2019-05-22 19:23:20.540,9238.67,9300
5b58c32d-fcf8-4725-b28b-d92cb6174dc2,2019-05-22 19:23:10.192,4903.24,5000
1fa1699b-131e-4d17-a5b8-e73e78c8b7a4,2019-05-22 19:23:04.196,4930.59,5000
33ad31a7-8fb5-4b41-affe-eac5849731d4,2019-05-22 19:22:58.153,9415.16,9500
074e9090-6f9a-4988-a0e6-e190b241733a,2019-05-22 19:22:47.652,5199.61,5200
e517aeca-2890-4d58-bc9d-a82edb92627a,2019-05-22 19:22:41.353,5706.18,5800
62b80e6b-e4ff-43fb-8138-7460a36408a7,2019-05-22 19:22:34.552,9285.24,9300
07a5ad5f-1cbb-453e-94ca-c37bebc9d1a4,2019-05-22 19:22:24.172,6976.56,7000
fa55e394-198c-4ca4-8490-c3f2a16e4203,2019-05-22 19:22:16.094,8660.88,8700
002afa63-a411-4b7e-b6bf-f9c56cbb7a9d,2019-05-22 19:22:06.352,9427.13,9500
cb3f4eaf-ea27-4c1b-94c1-89600baa976b,2019-05-22 19:21:55.793,6641.64,6700
3254a1ef-87e8-4241-af04-4028d6885733,2019-05-22 19:21:48.054,9385.96,9400
fb374ec2-0ec6-444e-a2cd-c363c6b7670d,2019-05-22 19:21:37.573,9565.6,9600
371ac871-d8c5-45b1-8d57-ad67e36df2ff,2019-05-22 19:21:26.914,9631.37,9700
72b3ed2e-5a1f-4b5a-a002-eb0f6cf78d26,2019-05-22 19:21:16.196,9376.25,9400
81318fcd-89b5-4395-a27b-a8d0a00e0908,2019-05-22 19:21:05.712,5820.37,5900
9a0ad1bd-986e-44f1-98de-313134ef9233,2019-05-22 19:20:58.794,6873.94,6900
96df254e-9746-4683-b33f-de622876f9da,2019-05-22 19:20:50.792,9447.9,9500
91d6a13e-73bc-4e15-8ae5-d02a97781b32,2019-05-22 19:20:40.234,8991.57,9000
d0942139-7d92-4ed5-9403-05ccdb60a704,2019-05-22 19:20:30.133,9133.48,9200
5c77f14d-1725-474e-b118-fa302aa29d7f,2019-05-22 19:20:19.913,4536.65,4600
b3a5d485-79e2-4e28-bdf1-8e8f2c6dbf3f,2019-05-22 19:20:14.293,9472.98,9500
2712aae2-46d7-4b6a-bd5e-4a3d43c391f3,2019-05-22 19:20:03.696,4675.88,4700
5a134db9-e38d-43a1-ab95-d682963b9683,2019-05-22 19:19:57.933,6222.94,6300
0fbfd9ed-cc85-4de8-882c-a978cf629240,2019-05-22 19:19:50.632,7800.19,7900
17de350a-b12d-49b9-b9e4-8a481b85de6f,2019-05-22 19:19:41.692,9735.23,9800
23c4a8b9-2133-4827-b017-5c3fdacb6981,2019-05-22 19:19:30.854,4780.75,4800
9c54618a-b442-406f-b88a-46675d18fbaf,2019-05-22 19:19:24.993,9263.48,9300
6e643c9e-0285-459f-a1a9-311622f8a9af,2019-05-22 19:19:14.652,7100.7,7200
21d7ca53-013a-47f9-b7ed-b3562fe7c9db,2019-05-22 19:19:06.452,5473.06,5500
ab0d9ec1-4de0-44d4-9daa-263693b4a33d,2019-05-22 19:18:59.892,8858.39,8900
f7e346a0-35b0-4be1-a508-77f4d38adc2e,2019-05-22 19:18:49.933,9496.49,9500
c259888d-b5d8-4942-93c0-80f11f5e1dc9,2019-05-22 19:18:39.233,5590.14,5600
bdd398ea-93bb-45b9-a7f0-8b0193fc3b26,2019-05-22 19:18:32.553,6276.65,6300
96ec2445-5624-4888-aa03-164477f1fa93,2019-05-22 19:18:25.212,9059.63,9100
bc20c14d-7a7c-4485-ad97-4f9028153e7c,2019-05-22 19:18:15.054,6686.44,6700
c5768452-971f-43e2-b395-1e0f12ff165f,2019-05-22 19:18:07.253,8203.87,8300
b513187c-cf85-455d-af29-268fe6b226ea,2019-05-22 19:17:57.915,9218.99,9300
8b3e13ec-05ce-4732-8931-f7c7b288c0b4,2019-05-22 19:17:47.613,9263.86,9300
504b5afa-e951-4c69-aee4-380a845b2362,2019-05-22 19:17:37.252,7036.54,7100
35a7d4a3-ac2e-4bcb-a468-1549d857b6f4,2019-05-22 19:17:29.132,7691.96,7700
18ffb4d4-c2e5-4701-9649-46834f8ae5b4,2019-05-22 19:17:20.332,7973.26,8000
afe06ba5-7bf1-4429-8fb1-ad82e6a41653,2019-05-22 19:17:11.234,8416.81,8500
8a9e1d79-998a-482b-a29c-e7c91735a596,2019-05-22 19:17:01.752,9523.71,9600
53645d3a-f1a0-4d46-a44c-bfeb32df199c,2019-05-22 19:16:51.092,9502.11,9600
9d5b2821-017a-455b-bdbe-0bf20d9a711a,2019-05-22 19:16:40.495,6648.44,6700
67906b1e-d8e0-4cf1-9ea5-9c72cf381152,2019-05-22 19:16:32.734,8491.33,8500
ec5cb94e-dd02-4a60-856f-0991319a0e7d,2019-05-22 19:16:23.156,9196.76,9200
d04a8181-0022-4fff-ac6c-3479c676b21d,2019-05-22 19:16:12.892,6117.82,6200
02ccaf4e-cbc7-4f0e-9ac1-1e294aa6953c,2019-05-22 19:16:05.673,4499.17,4500
f272791b-fa58-4a8e-9b46-a0f40d3c0ab6,2019-05-22 19:16:00.075,8831.9,8900
d6adba90-0243-4ae8-93e1-9e56a8a9bcd2,2019-05-22 19:15:50.152,9881.89,9900
3f4f645e-393d-4616-a8ec-f5d4896289f7,2019-05-22 19:15:39.174,8777.07,8800
b1a90c8e-ed84-44aa-9e54-5076aab59f73,2019-05-22 19:15:29.312,5838.73,5900
90f2dca0-43a9-4193-90b3-1e03298e6e48,2019-05-22 19:15:22.373,9430,9500
676198e6-6d6c-4256-bf20-6eeb65dc3e35,2019-05-22 19:15:11.872,5351.48,5400
91bb52cc-e222-49e9-9f0c-3ec7658e2609,2019-05-22 19:15:05.416,4100.41,4200
1464e8fc-eca9-4976-973a-6cffd1308218,2019-05-22 19:15:00.213,8588.2,8600
600cea37-4642-470c-9889-7038cb3b92f6,2019-05-22 19:14:50.552,5635.32,5700
258a1af6-fe2b-41a2-b79e-1420b3d91ff0,2019-05-22 19:14:43.774,7025.68,7100
46ab95f5-9fd4-40b5-909d-23a2825db386,2019-05-22 19:14:35.654,7431.83,7500
e7a8702a-51e6-4b90-ba70-8161668fde47,2019-05-22 19:14:27.115,7077.38,7100
d5b5dbf8-0c82-443d-8cc9-5c171d8c13f1,2019-05-22 19:14:18.933,4573.54,4600
efee15f9-3ce0-4257-bd92-ab732d1f7bc3,2019-05-22 19:14:13.274,9172.06,9200
b6f52173-06b4-4d74-b562-5b6b7f67a38c,2019-05-22 19:14:03.012,5306.49,5400
45fc1ecb-bf6a-4d6a-a96f-22841c10b749,2019-05-22 19:13:56.596,9126.24,9200
61efb83d-02c5-4d33-a57a-83559cb30b2e,2019-05-22 19:13:46.375,5255.64,5300
4fec3ef0-b54b-4f73-abed-43e1c4ade0fa,2019-05-22 19:13:40.032,9409.89,9500
4b238893-969f-41cf-bc48-a3265ded364c,2019-05-22 19:13:29.512,9011.39,9100
9a62abf2-6c48-4108-b973-816768224c76,2019-05-22 19:13:19.336,6985.04,7000
6ca36883-3441-4127-803d-603e4662f551,2019-05-22 19:13:11.272,9854.43,9900
647081ed-acb5-4583-867a-53f777583aae,2019-05-22 19:13:00.315,8092.7,8100
618f4b2d-5f3d-4703-b47c-bbe4d19304f7,2019-05-22 19:12:51.136,6752.95,6800
74bd4a72-5d8e-4950-ac19-0604cfb83bb7,2019-05-22 19:12:43.296,6757.5,6800
42b11279-3911-47f0-963a-1ddfb80ceb54,2019-05-22 19:12:35.416,9127.74,9200
d296c3f7-e6f5-47ab-aa9d-27f86e035f8a,2019-05-22 19:12:25.193,4588.52,4600
5699db4b-5389-41ee-a129-ca575ac6d4ed,2019-05-22 19:12:19.493,4801.12,4900
0d7632a0-5415-4993-9be7-07ac6b4c8099,2019-05-22 19:12:13.612,4240.54,4300
7ba9f357-9527-4a05-a937-ff3e1719d986,2019-05-22 19:12:08.254,4696.49,4700
62cfd6e6-e049-4991-a650-95810a611f90,2019-05-22 19:12:02.473,4991.8,5000
58199482-165c-496c-a819-3bbc03508d07,2019-05-22 19:11:56.394,9256.17,9300
10076428-39e3-477c-b1ef-cdc8023f9e3a,2019-05-22 19:11:46.054,4341.8,4400
961fe02b-31fc-48c8-8551-7e422c6236e3,2019-05-22 19:11:40.617,8208.72,8300
c7f58635-fc0a-4f9b-8769-fcc876ca190a,2019-05-22 19:11:31.332,9411.1,9500
a3351a23-4ea3-46c4-9bfd-99eab6ddfe29,2019-05-22 19:11:19.193,6559.63,6600
fd3d3cf3-7b88-49e1-a4cf-636b1f92eebc,2019-05-22 19:11:11.536,4492.94,4500
388d5e5a-7f8f-4b1f-9b7f-df13c79b7947,2019-05-22 19:11:05.972,8281.34,8300
52c2f284-ffb4-4a69-9fe4-17dbedf4f4ee,2019-05-22 19:10:56.532,9333.18,9400
a39a8148-d5ca-4201-a02e-1ed43cc8ae60,2019-05-22 19:10:46.114,9426.41,9500
f0d5f5e8-2c32-4e2a-bcce-31dcd31fcc96,2019-05-22 19:10:35.612,8335.76,8400
02526950-73c8-45c1-b4d5-c9a2003c4274,2019-05-22 19:10:26.114,9432.06,9500
1484685d-6ceb-4c30-8de7-af54596215f4,2019-05-22 19:10:15.612,7684.27,7700
57664198-2610-479c-bfec-8f481a28da97,2019-05-22 19:10:06.813,9485.98,9500
8e48abd3-da7e-4d29-bbef-604eaa73f02c,2019-05-22 19:09:56.234,6033.76,6100
518dd59f-49c8-4cc9-bf00-71118877b20a,2019-05-22 19:09:49.114,6580.87,6600
9bec0e4e-bf37-4a5c-8c61-9a21d96893ed,2019-05-22 19:09:41.452,9413.91,9500
22c1fbaa-ade7-48f7-aa6c-0018fb31664b,2019-05-22 19:09:30.952,9962.82,10000
c569e3d6-dfb7-4ca4-9092-2443475f62bf,2019-05-22 19:09:19.697,9610.28,9700
e2eac117-fa7a-4f2a-919e-a1820ac0c90a,2019-05-22 19:09:08.592,7923.99,8000
02d8605a-95f6-4126-a813-180faecd8053,2019-05-22 19:08:59.554,7392.47,7400
501064a5-ff19-46ae-a38f-2495542eeb06,2019-05-22 19:08:51.092,9268.35,9300
ead9452c-52c3-4a48-b9cd-9ff426419314,2019-05-22 19:08:40.712,5782.22,5800
7d749370-6fe8-44ac-b7d3-29754f0be48d,2019-05-22 19:08:33.832,9574.27,9600
d8ceeba1-b410-4df8-9241-fbafc0c03ef0,2019-05-22 19:08:23.156,9494.3,9500
a6d82481-9e18-469a-b444-97dd4d8298ee,2019-05-22 19:08:12.553,4547.99,4600
2861adc5-498f-4912-8231-4e6206e0510e,2019-05-22 19:08:06.872,4695.32,4700
6060bea3-e9e0-4f7c-8307-9183109a043e,2019-05-22 19:08:01.074,7373.16,7400
003f4c1f-733e-4a5b-9752-0a32ed183ca7,2019-05-22 19:07:52.612,5800.19,5900
cb6688f5-ac08-44be-a80b-a9102f6f5b8d,2019-05-22 19:07:45.692,8457.29,8500
a7c0172b-a943-4c2e-aec0-57fa92ded693,2019-05-22 19:07:36.034,9564.47,9600
ff525469-4fd0-4cca-a95e-71bb8f6a2b90,2019-05-22 19:07:25.376,6072.23,6100
1f72afc2-86ae-43dd-bb1c-3ef97ec1b7e1,2019-05-22 19:07:18.232,9584.17,9600
b4bbae95-4e28-4fa9-89c4-d5654048e49b,2019-05-22 19:07:07.532,9317.76,9400
b3f4c489-5773-49b9-aa36-92b0eebe9e76,2019-05-22 19:06:57.096,4622.75,4700
cae40e3d-72fa-42db-a28b-d96b0184c40c,2019-05-22 19:06:51.373,6705.41,6800
68f82ccf-cec6-4013-be05-8dc8e1f632d0,2019-05-22 19:06:43.592,9394.61,9400
269e426f-1524-44e0-82a8-dd34a5d1a387,2019-05-22 19:06:33.092,4657.86,4700
029b0ffd-8c8d-439b-9920-330bff4f7104,2019-05-22 19:06:27.354,4519.19,4600
eb78d6c7-df85-447c-916d-fdea57dd8902,2019-05-22 19:06:21.772,9236.77,9300
9de7eadd-c228-4a16-8ed8-600e6063e5a6,2019-05-22 19:06:11.412,4189.38,4200
4aeb5045-db2f-4a27-ab96-080cb19d777a,2019-05-22 19:06:06.035,8699.08,8700
745f07b9-db05-485b-9a1c-dd20f427887b,2019-05-22 19:05:56.252,9367.24,9400
30b28951-718a-4849-a617-91f5b2a301ca,2019-05-22 19:05:45.792,8905.07,9000
7b4a5542-90aa-4fcd-b193-ac34961a8868,2019-05-22 19:05:35.774,9667.82,9700
b375f717-2913-42d8-8bad-f5df2b44c96a,2019-05-22 19:05:25.032,9050.84,9100
96e8c9e8-3445-42fb-aa93-88f6118fae98,2019-05-22 19:05:14.875,9169.82,9200
f956cb7b-4733-43f6-9e92-6b26533402b1,2019-05-22 19:05:04.612,6451.24,6500
11fe0621-1f16-4f0c-9ece-0cee04c70b07,2019-05-22 19:04:57.072,8265.36,8300
618d5a39-a574-4704-b941-e12b9815f29a,2019-05-22 19:04:47.712,7825.42,7900
977e5980-5c64-4ee7-baf1-97f2c1ab42d7,2019-05-22 19:04:38.792,8717.6,8800
7f2b3e3f-2d1a-4d4f-9d29-4ec12758d423,2019-05-22 19:04:28.935,5089.73,5100
5b51b911-b7c3-435a-acf5-b35796ec4d71,2019-05-22 19:04:22.772,8285.95,8300
bf9de938-ecb7-4b93-80d5-f0c3539e6dfa,2019-05-22 19:04:13.392,9644.38,9700
4f1f878e-b99c-41d1-b1b1-d1a9d0cedfd0,2019-05-22 19:04:02.652,9473.83,9500
317b88bd-61e3-4be9-a069-39513b6f6da0,2019-05-22 19:03:52.054,4444.33,4500
f0032389-9fbd-415b-b13e-934b4e927608,2019-05-22 19:03:46.512,8532.15,8600
7fc64f61-9fc8-448f-a319-7e7b949f11bf,2019-05-22 19:03:36.876,5659.01,5700
2c080efe-b54b-44a8-8b36-edf3d3c3f6ed,2019-05-22 19:03:30.054,9031.9,9100
c1108aa1-ee85-4617-943c-47063d91c623,2019-05-22 19:03:19.935,5075.69,5100
cd291e75-54bd-462f-b1fa-8dbc5d070482,2019-05-22 19:03:13.775,9158.51,9200
2816fb65-355b-451c-86cf-8548d06221dd,2019-05-22 19:03:03.515,9390.37,9400
d6be6780-c4e5-4a6f-8602-7fe1e575c282,2019-05-22 19:02:52.972,9250.83,9300
a5a05dc9-06cc-4e2b-a47c-c6b2b072a55c,2019-05-22 19:02:42.615,4620.24,4700
9e0cdf7c-e16e-48b1-9c97-a788147d23b2,2019-05-22 19:02:36.893,4306.21,4400
61322c41-cca1-40a3-86ad-4f9d5f167330,2019-05-22 19:02:31.494,8147.26,8200
96a59ec9-6267-4ea3-84a7-c735a0fea1fe,2019-05-22 19:02:22.254,4195.32,4200
4ad6c614-614e-4204-88df-0f1c207cb221,2019-05-22 19:02:16.972,8331.72,8400
6a4e36ba-9251-4898-8ff3-a864014e356d,2019-05-22 19:02:07.552,9456.6,9500
66bea92c-7ecc-40ed-a775-8c9865b84ea2,2019-05-22 19:01:56.913,8467.23,8500
cad6adae-6f9a-4e58-a453-b77cae3622cb,2019-05-22 19:01:47.353,9424.66,9500
56c5e09a-7c0c-4c9e-9d04-65dd89ef7d67,2019-05-22 19:01:36.852,4066.03,4100
3703d622-7ab5-445e-b3de-ff941d734bf3,2019-05-22 19:01:31.692,4787.81,4800
541bfe10-2375-444b-93b2-c763fc8b9546,2019-05-22 19:01:25.795,6445.39,6500
ff00761f-acaf-45d3-9e36-368031b91d0c,2019-05-22 19:01:18.253,8887.52,8900
829fc37f-f725-479d-bd8d-874a260396c4,2019-05-22 19:01:08.292,8304.58,8400
ca340041-9f57-453a-b639-267e5299dc92,2019-05-22 19:00:58.874,7170.59,7200
5c7db207-497a-4659-b1d1-c355f98296dd,2019-05-22 19:00:50.615,6293.29,6300
95c29375-be12-4f93-a747-419ba043ec82,2019-05-22 19:00:43.233,4485.42,4500
7328dd93-bb60-4482-8304-67c14146d285,2019-05-22 19:00:37.652,9380.65,9400
53599865-c6d0-4c27-85e5-4a9e83bc122f,2019-05-22 19:00:27.192,7332.61,7400
67060f01-a141-4ff6-a09d-676c0d9fd098,2019-05-22 19:00:18.756,9143.78,9200
c7e63f15-8808-4b82-b1f8-4cbdb16bbb6b,2019-05-22 19:00:08.515,8371.9,8400
30abe487-9812-481b-aad5-85c50a5b086c,2019-05-22 18:59:59.053,7628.93,7700
2288c4da-aaa2-426d-8eff-30ebc27c43aa,2019-05-22 18:59:50.335,9791.9,9800
663134e6-b4da-491b-9b7f-eb9844ad6db9,2019-05-22 18:59:39.455,7746.44,7800
1cccddff-8ff3-4c36-8074-437c2b844a11,2019-05-22 18:59:30.615,7111.4,7200
3b3c1726-f5a0-4b07-a914-5ef17d522bb6,2019-05-22 18:59:22.414,9562.96,9600
ed4c7259-1bd6-47a3-88d7-ba0f30ac86d2,2019-05-22 18:59:11.772,8784.09,8800
3fb6ce3e-195b-4d67-acea-1511ac4c6997,2019-05-22 18:59:01.873,8357.91,8400
7fccccfb-a1df-47c7-b6c6-1e936f717eda,2019-05-22 18:58:52.435,5264.6,5300
52d4049f-a9a7-41a1-b475-1dc66dbea59a,2019-05-22 18:58:46.092,8162.89,8200
cef36c11-27ae-48c2-9dd4-0d8ca73e851c,2019-05-22 18:58:36.832,7242.31,7300
e10702da-6e81-4af4-b9ed-c8ce35e71178,2019-05-22 18:58:28.492,4709.5,4800
3bee4970-869f-4a2d-b7db-ab9c842c99aa,2019-05-22 18:58:22.672,8283.67,8300
6c866e80-6485-48b9-8555-261f0b6637c7,2019-05-22 18:58:13.296,6738.39,6800
47005697-6a52-40ec-83d5-9a5f85f26855,2019-05-22 18:58:05.492,5157.51,5200
df670f44-bb9b-4161-9c3b-7def4a8fd6ff,2019-05-22 18:57:59.213,4392.85,4400
78b6e541-5148-4042-9923-3b2276122858,2019-05-22 18:57:53.734,3976.2,4000
e5c04d22-1887-43a5-9838-74985b8efc28,2019-05-22 18:57:48.635,7992.73,8000
403ea2f6-3f40-449f-b7b9-bdf6b9d909db,2019-05-22 18:57:39.554,9508.93,9600
6bdb2574-83be-4f1c-aba0-d48e84ca2370,2019-05-22 18:57:28.952,6176.67,6200
20021bf2-414f-4f91-95a2-8d16a17724e3,2019-05-22 18:57:21.692,5400.4,5500
2069dc74-ee22-4f8e-b07d-f6baca161717,2019-05-22 18:57:15.172,8626.82,8700
d5165d02-2723-45b5-96d1-480bcb6993a9,2019-05-22 18:57:05.452,9266.61,9300
3c882cff-12ad-4254-8939-ccef27f0c319,2019-05-22 18:56:55.074,7133.57,7200
5a83d1a1-8c45-48c0-8ec5-bdfd0875e0fb,2019-05-22 18:56:46.832,5620.32,5700
2c400103-fa73-4bea-84ab-f3466dcad030,2019-05-22 18:56:40.117,6026.76,6100
fdc1c80a-dcbb-49b4-8f38-99638da20d50,2019-05-22 18:56:33.012,5331.02,5400
8ed32078-762e-415a-8364-2bf796374f78,2019-05-22 18:56:26.592,5609.06,5700
f624eeb6-f87b-49aa-9833-7913c536a722,2019-05-22 18:56:19.892,6540.23,6600
dd2fbcf1-01cd-4851-80e0-b7b765bffe28,2019-05-22 18:56:12.272,4527.53,4600
7a8b6ecd-bb66-4e78-8286-9b8bc71fe975,2019-05-22 18:56:06.652,4933.42,5000
ebce9fb1-b4d5-443e-a283-82bcd2e3d9a4,2019-05-22 18:56:00.613,8243.68,8300
9ffda283-f13e-4b2e-b64d-c690d7d47d83,2019-05-22 18:55:51.232,7857.51,7900
8f0f04cd-530d-49d3-8e64-1140f4410e53,2019-05-22 18:55:42.292,4244.03,4300
5c103336-30b9-4bec-864f-f07b945d152d,2019-05-22 18:55:36.935,5975.07,6000
c5ebafe1-6c87-4038-91cb-bb50295c7e6c,2019-05-22 18:55:29.892,9213.56,9300
a3cfc448-20cc-44a9-b59d-82de8d777d3c,2019-05-22 18:55:19.592,5148.23,5200
6da48a1a-25a9-4306-9065-e59260211f42,2019-05-22 18:55:13.338,9526.95,9600
e59193ac-41e0-44f9-9186-113fc6b4a3b2,2019-05-22 18:55:02.713,9547.47,9600
9888a4aa-8a38-4718-b839-0c96e80efc75,2019-05-22 18:54:52.092,6838.83,6900
8e7c6e2f-f035-47e9-a2ce-48bcd4801d23,2019-05-22 18:54:44.132,9357.65,9400
b92f7173-0251-4c56-963b-ed43f88d8960,2019-05-22 18:54:33.698,8519.42,8600
35335e2a-d0f5-45bb-9865-e3f3224402e3,2019-05-22 18:54:24.112,4810.41,4900
e99efb3e-7511-4947-826e-ebb3010dc1de,2019-05-22 18:54:18.132,5482.79,5500
13a923f1-7ecc-45cc-96f7-89787db36e74,2019-05-22 18:54:11.515,9645.69,9700
dabf8105-5cee-499d-923a-e618ab5a795e,2019-05-22 18:54:00.752,7055.65,7100
443566ac-1f82-4f11-981a-b8026cf09b66,2019-05-22 18:53:52.592,9419.05,9500
9024fac4-251f-4e09-aad8-e0f1622d3fae,2019-05-22 18:53:42.034,9116.92,9200
f0185734-775f-472d-a034-e10caed42dab,2019-05-22 18:53:31.833,6953.89,7000
b039f0e9-e212-490c-94a3-a5a722dc2a73,2019-05-22 18:53:23.774,9264.56,9300
611c4a2a-4306-4d00-8385-94119361c19a,2019-05-22 18:53:13.412,9489.82,9500
a0dc5974-79b0-47d3-9fc5-8b005fb62d46,2019-05-22 18:53:02.832,9169.27,9200
ff98bc33-fef6-4108-abb8-e44b23adec50,2019-05-22 18:52:52.572,4482.97,4500
51ad3f82-0dce-4377-afe5-fd1a52dbce7b,2019-05-22 18:52:46.975,4659.52,4700
cf8c030a-84b0-46e7-a157-a89e342ab182,2019-05-22 18:52:41.192,8399.87,8400
51a2a8b6-845d-4b22-b15d-161560dc8bd1,2019-05-22 18:52:31.675,5789.4,5800
7b1e2ecc-2e79-4e03-aa1f-2dddb6fae3fc,2019-05-22 18:52:24.812,9478.96,9500
0553b515-342a-45ac-9017-933827ee81fd,2019-05-22 18:52:14.214,9127.67,9200
56403a04-c61c-4e24-82cd-fe43f673f4ca,2019-05-22 18:52:04.012,9414.88,9500
15723ba3-40e5-4b1a-b807-f76e3dcbb927,2019-05-22 18:51:53.493,4446.76,4500
29f1fe38-377b-492e-94cd-8c8ef3c4514b,2019-05-22 18:51:47.972,7522.31,7600
d6e783e0-b000-4057-bbc6-c8e13088e7cd,2019-05-22 18:51:39.332,9424.12,9500
8cbd6500-d32b-44eb-b61a-f463b05526b5,2019-05-22 18:51:28.814,9524.48,9600
0340a743-6f96-46e3-8f44-d76304da3deb,2019-05-22 18:51:18.193,9499.73,9500
369e946e-6fda-40de-8814-ef4a5f8239ea,2019-05-22 18:51:07.613,9550.65,9600
15fc8f60-0039-4173-8c71-3dbc830d0d8f,2019-05-22 18:50:56.992,5585.47,5600
a547fb5a-eef4-4b56-9caa-18741db076c3,2019-05-22 18:50:50.312,9092.75,9100
1ee8bec5-b919-4f6a-832d-928356d5cb8d,2019-05-22 18:50:40.117,9002.11,9100
88648052-4e12-481a-b164-1c1bad2772fe,2019-05-22 18:50:29.948,9500.15,9600
cbce3882-8dba-4bf9-a452-0a911d690b83,2019-05-22 18:50:19.356,9239.48,9300
cf204124-7b9e-489f-8560-fbb062649085,2019-05-22 18:50:08.994,4657.72,4700
c8efe86d-c86c-4644-ba68-3bcce2be55ac,2019-05-22 18:50:03.256,6173.61,6200
e24e5e18-a8ba-432b-a1f7-9000c0b694c2,2019-05-22 18:49:56.012,6030.1,6100
2a92797e-c9e7-4450-90a5-5cc18b999ff4,2019-05-22 18:49:48.855,5010.53,5100
379e964f-e872-4266-9676-ab1c10eaa641,2019-05-22 18:49:42.754,9331.07,9400
4e87f407-cf33-48ab-9142-b0893196d7af,2019-05-22 18:49:32.314,9246.65,9300
5c8a39bf-b450-48f7-833f-751e1b605001,2019-05-22 18:49:21.972,9026.02,9100
940fea21-47c5-4f2f-be2a-e34106749cc3,2019-05-22 18:49:11.832,4638.38,4700
8d3d836e-a1a3-47b4-a11f-101cc7e55768,2019-05-22 18:49:06.092,9101.59,9200
9ba7bc26-72ae-46e0-b651-9e683dd38fd4,2019-05-22 18:48:55.875,9390.45,9400
2f2df05d-2a93-4a3b-b250-e7a54e9b1f79,2019-05-22 18:48:45.372,4731.82,4800
1d125738-d73e-44d0-a2b7-487a7e17fc7c,2019-05-22 18:48:39.552,5839.55,5900
5d413611-eb59-4440-9ace-3b705595e150,2019-05-22 18:48:32.612,9547.3,9600
447186e1-e55c-48da-a693-7ea4044b6982,2019-05-22 18:48:21.936,8578.13,8600
fd8130a0-25a4-447e-914e-9435dd700aee,2019-05-22 18:48:12.272,9757.04,9800
7456213e-bad9-44a3-9d46-1035553b663a,2019-05-22 18:48:01.416,9654.74,9700
21473f44-584a-4a9f-ba3c-2ebff8841cd4,2019-05-22 18:47:50.672,9417.74,9500
078f6cfc-249c-4783-941d-0f6be5d3481d,2019-05-22 18:47:40.132,9382.2,9400
a77f8529-6ec5-45ee-a0f0-63a40cf35c9f,2019-05-22 18:47:29.633,9331.54,9400
40524e62-e50d-4c9e-a99c-552574b40d60,2019-05-22 18:47:19.216,5430.59,5500
02d8092b-cc6d-4726-b63d-0d4b302227e1,2019-05-22 18:47:12.697,4584.96,4600
4d721247-e43a-4d1c-adfc-2e3864b82b10,2019-05-22 18:47:07.016,6454.43,6500
4d91752c-09d7-4ba3-9094-738d0dc2d6b7,2019-05-22 18:46:59.473,7045.69,7100
76a9b097-c9d5-426a-979b-3c4fb650a9dd,2019-05-22 18:46:51.335,9001.69,9100
a67869d4-da77-4fd4-ac9d-75ad6d29ad7d,2019-05-22 18:46:41.252,9542.87,9600
05c02834-c03e-4273-9360-4821c318d511,2019-05-22 18:46:30.613,5585.08,5600
c1efb7af-01a4-4005-90e5-e46095c94825,2019-05-22 18:46:23.952,6493.16,6500
160f84fe-92ac-4d26-a5e7-81174701f0a0,2019-05-22 18:46:16.352,4313.85,4400
5e31f73a-8bb8-412c-b464-1231a3f81e02,2019-05-22 18:46:10.933,9094.36,9100
f18309d3-93a9-40d2-a079-6c1edf416a8c,2019-05-22 18:46:00.714,9207.76,9300
d64e11af-69e3-4f18-a8e3-40678aef63e3,2019-05-22 18:45:50.395,5353.11,5400
89d4903a-6270-4179-aead-6f0eedb744eb,2019-05-22 18:45:43.953,4781.61,4800
43b25e52-1995-4396-8b23-3325ce17c269,2019-05-22 18:45:38.072,6265.95,6300
5544493b-111f-4151-ac43-f0a7ea73960e,2019-05-22 18:45:30.715,5234.76,5300
d541d510-a449-45d5-b324-338cb0532dd9,2019-05-22 18:45:24.412,5107.69,5200
8de385e6-5fb0-4201-a5e3-73accfc5203e,2019-05-22 18:45:18.174,8731.78,8800
75bbbce4-776c-4849-acce-b31424e09e3d,2019-05-22 18:45:08.353,5108.96,5200
f3e4ad34-8d6a-41c6-8a5a-82cc26d01fa6,2019-05-22 18:45:02.154,7216.08,7300
6cc7d6b0-5a0a-4162-b5ff-76b8f8e6e177,2019-05-22 18:44:53.854,9430.96,9500
98240909-289d-4403-b6d7-42a6997ff2cd,2019-05-22 18:44:43.332,4891.25,4900
977f3538-51a7-41f7-8427-793b62f60cc6,2019-05-22 18:44:37.372,7765.12,7800
cd0540a3-530c-45ad-83af-7cd8833db9d4,2019-05-22 18:44:28.512,7794.05,7800
81b1868f-331e-41e6-bc99-122953683835,2019-05-22 18:44:19.632,8674.76,8700
6e4b1b55-2d5a-4b75-8ef1-ef52d7c4931d,2019-05-22 18:44:09.892,8093.83,8100
d9c10b94-bb1c-42b8-9a3b-42c29fd56c74,2019-05-22 18:44:00.712,6516.04,6600
5d9096e7-e90e-4267-b0b0-bf6c346988e3,2019-05-22 18:43:53.093,4612.57,4700
ce22063f-3857-40ad-87a7-f8c94490c653,2019-05-22 18:43:47.395,5763.23,5800
d4e2baf4-cee7-4855-b52b-e1ffaffe54f2,2019-05-22 18:43:40.536,9635.02,9700
f1698ca9-a873-4d82-a09b-93723d0dcf8f,2019-05-22 18:43:29.795,9298.39,9300
7f626c43-50ac-4a20-af83-421403cb3822,2019-05-22 18:43:19.413,9373.5,9400
b7e446ff-5a01-4e35-9f84-62499d74b96c,2019-05-22 18:43:08.972,9446.13,9500
1ef642a4-917f-474e-8155-d726473aef25,2019-05-22 18:42:58.412,9539,9600
a98c7a0b-3961-4d03-ad04-92a6b4e14595,2019-05-22 18:42:47.772,8872.25,8900
916661e6-970a-492d-a60f-e6be65e6530f,2019-05-22 18:42:37.794,6386.9,6400
8a3ab747-8406-4bf2-b37a-c0b5551cca7a,2019-05-22 18:42:30.313,9254.62,9300
664e4108-e944-40eb-bcd2-f91fd7005059,2019-05-22 18:42:19.972,7987.15,8000
4ed53bd6-26c5-46a1-962f-aa1c75f43147,2019-05-22 18:42:10.912,4760.49,4800
1e094095-6343-4689-8955-cfa49b52f52a,2019-05-22 18:42:05.052,8419.17,8500
da95b1ba-0c63-4f3f-813a-a7639e8646d2,2019-05-22 18:41:55.552,6319.45,6400
88503bc2-c0c7-47f4-9737-b813a6179f16,2019-05-22 18:41:48.053,8726.6,8800
efc7b584-173b-472f-a71b-1caa5f382593,2019-05-22 18:41:38.232,6709.9,6800
df0f89a4-05cc-4717-9a28-a9e61a61ba39,2019-05-22 18:41:30.452,9308.63,9400
2e552012-ff0a-418a-9b0a-84a9a00dd3d8,2019-05-22 18:41:20.034,5214.25,5300
2511275c-b208-4727-83fc-fc015932b8b6,2019-05-22 18:41:13.715,9567.44,9600
8fe43c62-140d-4325-b026-6d06e74fbd84,2019-05-22 18:41:03.056,9272.22,9300
024a2ee5-d839-4cdf-b59f-ab7c42575fcd,2019-05-22 18:40:52.692,5111.3,5200
d39337c7-bd8c-45ad-a041-de2ff9010d4d,2019-05-22 18:40:46.474,6410.96,6500
d77e90fe-6b06-4dda-8f63-ab801acf1708,2019-05-22 18:40:38.914,7385.66,7400
864b0bd3-0c97-4063-918b-cdeb63456a3e,2019-05-22 18:40:30.452,8950.18,9000
2315e7b8-e794-44bb-8f5d-285d0f024f65,2019-05-22 18:40:20.396,6349.64,6400
5acc8ddc-dc40-48ea-b068-081698888243,2019-05-22 18:40:12.932,8499.85,8500
d3082f8d-b2d4-4734-9a5d-9e7f8fea4943,2019-05-22 18:40:03.333,8651.85,8700
5d6a3f5b-1d3f-4095-8ac6-4a30613c6b35,2019-05-22 18:39:53.575,4799.55,4800
d6556cbf-d823-42a1-a411-0116a0108119,2019-05-22 18:39:47.675,4692.62,4700
1268586d-1e6f-41e8-af0c-9826ea6fe33e,2019-05-22 18:39:41.892,9120.57,9200
35af5a85-c114-44ec-b601-f3801c31018c,2019-05-22 18:39:31.594,7543.07,7600
9b13e6f8-dc72-410c-a3e1-f7678827de76,2019-05-22 18:39:22.959,4676.04,4700
e7257185-3dc2-4aea-9525-b80c43ad7564,2019-05-22 18:39:17.196,8623.81,8700
92841878-0e17-40df-9d91-00c832316b2c,2019-05-22 18:39:07.495,8050.24,8100
8fb49cc9-f4b3-4a3e-ae87-9c8bf07b9bf8,2019-05-22 18:38:58.335,9273.87,9300
8ea575dd-4934-412f-bf07-0bff9568f05c,2019-05-22 18:38:47.992,4791.93,4800
8a355ac1-5b6f-42dd-9b1e-58844a52749a,2019-05-22 18:38:42.112,9497.01,9500
221d22b1-5647-4449-8503-24d8cfae4469,2019-05-22 18:38:31.516,6152.29,6200
b5e80342-30d9-45ca-af4b-c836b2b94595,2019-05-22 18:38:24.272,8970.79,9000
0ff27ca7-518a-4425-9c26-27dde27367aa,2019-05-22 18:38:14.212,9253.74,9300
ab8d6aa0-4b16-46a7-9e89-0959cedb83e5,2019-05-22 18:38:03.832,7006.52,7100
fe7c0a4b-faa4-4f8f-94b8-3793e07b88b4,2019-05-22 18:37:55.752,4433.74,4500
2326851a-c21c-445d-8195-9a86ae7166f9,2019-05-22 18:37:50.212,4966.84,5000
eaa7aa2a-2998-4939-96a0-5f02df8f1ded,2019-05-22 18:37:44.152,9290.69,9300
d07d8270-fe1b-4ccc-a33c-26e9a22f7e0c,2019-05-22 18:37:33.754,8805.72,8900
ced76b46-b53c-45d2-af23-f538b5959b92,2019-05-22 18:37:23.872,8399.79,8400
38403d66-9dde-4484-8180-58e72b480505,2019-05-22 18:37:14.372,6554.62,6600
d6106136-b847-4f28-9fce-1d61d3c779bf,2019-05-22 18:37:06.695,9224.96,9300
045ec698-0b71-46d7-8983-168a985cbf2e,2019-05-22 18:36:56.354,4607.94,4700
f02e5c26-d948-4a28-a4d6-8f1009885b8a,2019-05-22 18:36:50.652,9580.93,9600
57a2e85b-9bb4-4f80-811e-36b610757e72,2019-05-22 18:36:39.975,6814.58,6900
a9d2a957-d829-438d-89d4-8c0f53457993,2019-05-22 18:36:32.072,9532.88,9600
ba2b3080-2fd3-4181-96ff-39e616e7aeb2,2019-05-22 18:36:21.436,8169.69,8200
dd63d40f-9e19-4fe5-9ead-c4e38aa24d07,2019-05-22 18:36:12.152,7971.11,8000
6d249eb9-5da8-420c-a2d4-360f0ebd0c59,2019-05-22 18:36:03.076,4421.73,4500
54c0d424-2078-4e85-bf20-83429a394ab5,2019-05-22 18:35:57.572,6988.93,7000
ef7cdf01-255f-4ee6-a49f-fbbd05f2b881,2019-05-22 18:35:49.476,7778.59,7800
f154f3ad-d5f2-4288-ac26-27e70e90d17e,2019-05-22 18:35:40.594,9424.51,9500
31daa5f0-7652-4c66-bec5-441c1190373e,2019-05-22 18:35:30.092,9141.86,9200
27848ab4-dd74-406b-870f-824b7797f7bb,2019-05-22 18:35:19.832,5549.34,5600
883d43c6-6874-4966-b442-663d1a9c6537,2019-05-22 18:35:13.192,4517.93,4600
5b68803e-1f8e-493c-be52-ef13a98ca01b,2019-05-22 18:35:07.552,9496.39,9500
2dc71352-3503-4bb6-96ec-1c5c10333ace,2019-05-22 18:34:56.972,9311.28,9400
abb86280-f4da-41a9-b0a7-8fd904b81cae,2019-05-22 18:34:46.572,9789.03,9800
a89e3dd6-0ed3-48f4-bca4-24e36d11bc99,2019-05-22 18:34:35.674,9378.35,9400
26455a25-1b88-45ca-b69c-286d3b957a9c,2019-05-22 18:34:25.199,5199.82,5200
ccf3fd76-f8be-479b-aa6f-97a7f3d54dbd,2019-05-22 18:34:18.920,5883.37,5900
4362f82c-326e-4415-ade2-347573129e58,2019-05-22 18:34:11.936,6674.48,6700
0146a6c0-3d3b-4289-851d-d99528393095,2019-05-22 18:34:04.153,8230.49,8300
23531999-bd65-4737-b19a-a2a4668bc227,2019-05-22 18:33:54.818,8425.65,8500
6fb8ed9a-732c-43d4-ba50-e8e9d94ee86e,2019-05-22 18:33:45.294,9241.59,9300
2c1666d5-80b1-4fc9-b0e8-9518cdf9c6ae,2019-05-22 18:33:34.954,6796.19,6800
05279de7-13b8-44d3-b06a-eb6d1a59e12a,2019-05-22 18:33:27.076,5097.89,5100
e5521508-781d-418a-9d8a-09bd362d9f7e,2019-05-22 18:33:20.852,8777.28,8800
ab13e639-fe72-40b3-8aaa-2ccc7017f2f3,2019-05-22 18:33:10.972,4116.53,4200
45e64f1c-d224-4e62-8be2-df13b5fb6f19,2019-05-22 18:33:05.752,4638.99,4700
a64cc062-474c-4817-839b-1c277e5c714a,2019-05-22 18:32:59.995,9089.98,9100
b3587136-49d0-4259-94ac-63f31b55cf4b,2019-05-22 18:32:49.813,8993.27,9000
3418fded-2d9c-40a6-aad0-af54e88efc9f,2019-05-22 18:32:39.752,6865.65,6900
62cfbce3-0164-443a-a705-340d902f8273,2019-05-22 18:32:31.792,4881.77,4900
42509101-e779-484f-b258-151f8a15ac3c,2019-05-22 18:32:25.793,6795.56,6800
b59a6c78-a08e-4969-8ed1-a9578b9f2795,2019-05-22 18:32:17.912,7361.28,7400
a61f82e7-8637-45f1-a58c-ba72862edca7,2019-05-22 18:32:09.455,5399.4,5400
9796f966-0d7a-4613-aa1f-e670323cd7b9,2019-05-22 18:32:02.974,7038.48,7100
bf4aec61-542a-46fe-98b8-a7572cae7b77,2019-05-22 18:31:54.835,5234.57,5300
cb4e0b35-717c-4f7c-ac1d-c7ecf0cbc771,2019-05-22 18:31:48.513,4573.48,4600
c590107e-89ad-4804-b8e6-a51444163aff,2019-05-22 18:31:42.836,8286.9,8300
34d28c1c-d209-4149-b774-e9c9589d6cc8,2019-05-22 18:31:33.440,9464.34,9500
4a0d8d2b-4b07-47c9-b09c-8bc64d5ed24f,2019-05-22 18:31:22.892,8663.79,8700
9dfaa933-9934-407f-922d-00749775e016,2019-05-22 18:31:13.132,4539.33,4600
f4217784-68fd-4f31-8be8-bf7a78c12ae1,2019-05-22 18:31:07.493,4486.19,4500
59cfa294-edfa-4784-b556-9a2583273075,2019-05-22 18:31:01.912,6809.28,6900
c3ad1229-5ad4-4f2b-8ce5-220bca44553f,2019-05-22 18:30:54.012,9169.49,9200
6387a53d-d6fe-4b87-be4a-ba19ec6a9704,2019-05-22 18:30:43.752,9486.3,9500
3f76e2ef-0908-48a1-8785-4029dddb8ec2,2019-05-22 18:30:33.192,9122.44,9200
23d2401a-448a-4863-ad4d-d937a85b3dc2,2019-05-22 18:30:22.972,6475.06,6500
7b2fd79d-32c5-4a29-9f6f-9cf59a061da3,2019-05-22 18:30:15.413,9594.59,9600
11e51944-e031-4ed6-bf51-ebdeb13f9989,2019-05-22 18:30:04.752,8039.3,8100
eb440622-d4a7-4581-b761-9ac3b6cfedc8,2019-05-22 18:29:55.616,8472.17,8500
483cb272-d29f-4d2e-b5bf-2d86e3f68fb0,2019-05-22 18:29:46.032,9413.8,9500
31947f8c-377e-4ab8-9fe3-44e218b40a23,2019-05-22 18:29:35.532,5710.7,5800
886be765-3165-4634-b117-bb4b7e90adeb,2019-05-22 18:29:28.733,9412.35,9500
be234b30-d12e-4390-b2df-b69464e46f45,2019-05-22 18:29:18.252,8129.89,8200
038db97c-6a31-4ee4-9795-57e784edb4fc,2019-05-22 18:29:09.016,8932.61,9000
d248bf93-6c3b-4e3e-8894-b8a351cff087,2019-05-22 18:28:58.993,9405.64,9500
5f534639-04ce-45d9-99b5-5fe60d1eb4cf,2019-05-22 18:28:48.494,9030.87,9100
991d74b8-ad14-4a25-a11a-2adeaeb1ff0a,2019-05-22 18:28:38.360,8277.9,8300
66eeca9e-f9bb-4af3-a204-697f59e2b69a,2019-05-22 18:28:29.012,6651.94,6700
f2e39974-7c06-4275-a214-079a73ac000f,2019-05-22 18:28:21.272,9153.59,9200
1212637f-655b-47db-bac4-a0ccb5be4c78,2019-05-22 18:28:11.014,9028.06,9100
60a2d11c-5f44-449b-9b1d-48fc3548898a,2019-05-22 18:28:00.893,7923.1,8000
f9da6bf1-bbc0-4186-8a5b-43c0075f1f81,2019-05-22 18:27:51.875,8512.96,8600
89746df7-4ae5-4036-8fde-7d8cbaf6ca65,2019-05-22 18:27:42.272,9479.85,9500
2ec4109b-616a-47c6-9996-f1ed8bd34675,2019-05-22 18:27:31.633,6986.28,7000
0ad0c0f5-ae00-498b-8b87-ca1a17783349,2019-05-22 18:27:23.572,4453.15,4500
a3fd92e7-2dee-4ea8-a86e-bb2628afbbe9,2019-05-22 18:27:18.012,8773.13,8800
e5701cab-7dc8-4ac9-9044-71b1a609136b,2019-05-22 18:27:08.133,5096.23,5100
f5b9d5ec-7043-4aa7-b07d-003ad6e52f9a,2019-05-22 18:27:01.957,8845.4,8900
fa136f0b-96ff-4881-b537-348c9d565988,2019-05-22 18:26:52.012,4819.17,4900
3e7f4ce4-2b2c-4147-a172-b045194e90b3,2019-05-22 18:26:46.116,8598.93,8600
bad0ff49-8675-4a4a-9ca2-e931050c355a,2019-05-22 18:26:36.413,7161.13,7200
0376ab23-3b55-4fe0-9174-b072074c772d,2019-05-22 18:26:28.152,7564.3,7600
3d91ef9e-e25d-4aef-8cea-45f21ade0ea2,2019-05-22 18:26:19.512,8378.96,8400
ac4a97d2-f327-48c2-8761-8518c5249483,2019-05-22 18:26:10.014,4158.83,4200
249231a0-7475-4033-a457-f068ed8b3b83,2019-05-22 18:26:04.772,9411.55,9500
e7785441-f761-4f83-84ae-d7d3391bb523,2019-05-22 18:25:54.272,9392.35,9400
aa79379f-d37d-4ac7-ba9e-c13586888cc3,2019-05-22 18:25:43.792,5382.71,5400
03b7c0b6-7b75-4abf-8f1e-0772f46c5872,2019-05-22 18:25:37.294,8409.4,8500
f5331569-84f8-4884-a69d-b985cb990204,2019-05-22 18:25:27.795,5304.99,5400
15513847-5c2f-4102-9cd4-9eed8d6bfac8,2019-05-22 18:25:21.372,9162.84,9200
df3b754b-e837-4d9b-8947-130456993613,2019-05-22 18:25:11.114,9493.5,9500
f7e6855f-4813-49ed-bd2d-c781302c1ff1,2019-05-22 18:25:00.514,7485.39,7500
91e3186c-bd0a-46d0-94c1-59be86d31792,2019-05-22 18:24:51.952,7959.72,8000
82155609-77cf-4118-a33d-10af1da3cf88,2019-05-22 18:24:42.912,8632.12,8700
a399b693-9bca-4bdb-ad09-9d7bc06c2574,2019-05-22 18:24:33.192,6198.6,6200
f1628903-b916-46f6-ab33-fef1736b32a6,2019-05-22 18:24:25.874,6980.32,7000
32bd0707-9fdb-43dd-b02c-975539adc0b9,2019-05-22 18:24:17.832,5379.16,5400
8b33dcf4-9f05-48d7-a6dc-4305b4f205dd,2019-05-22 18:24:11.352,4453.41,4500
09704925-55b4-403b-8609-c2226b1fd26b,2019-05-22 18:24:05.794,4322.25,4400
ec78d636-c593-4ef2-a5fb-b7db76f239fc,2019-05-22 18:24:00.354,9366.54,9400
978b70d7-421c-4a61-9edf-1f2d7c5773cf,2019-05-22 18:23:49.896,9317.98,9400
e2a99ff6-6f73-48db-babd-41e03228315c,2019-05-22 18:23:39.475,7739.47,7800
05906bff-eb81-43a7-ab3f-6cb9593d8f04,2019-05-22 18:23:30.635,4154.68,4200
e77eecd8-edb4-4935-a747-25be84af869a,2019-05-22 18:23:25.394,4741.64,4800
9c700fa5-5185-4116-ae70-d8197d638741,2019-05-22 18:23:19.537,9117.72,9200
f5f5845d-bb96-485e-bf9e-a5322229fca3,2019-05-22 18:23:09.292,4527.88,4600
15c0c87e-2cec-440e-b4c1-a22df282250c,2019-05-22 18:23:03.654,9405.46,9500
b6df229d-dad2-44a6-8404-e1143ac550af,2019-05-22 18:22:53.172,9271.18,9300
a5465da8-a9ab-4ea9-9a70-ec82ac0c459e,2019-05-22 18:22:42.793,5809.51,5900
fa4f9da6-a9c1-491a-8479-61ddb3043661,2019-05-22 18:22:35.895,9532,9600
7b0add9e-e5ee-459f-967c-271a2e81b43d,2019-05-22 18:22:25.273,8281.85,8300
f0843d4b-2b86-49db-9b66-a100f1bf8f50,2019-05-22 18:22:15.912,8977.18,9000
4d8edd93-8658-484c-bdb2-925c1b39d69b,2019-05-22 18:22:05.793,9589.53,9600
c586133d-ea9c-41f7-9368-a27f6e63bb04,2019-05-22 18:21:55.115,8371,8400
15c62916-53d4-4009-87bc-aa6fe67f143e,2019-05-22 18:21:45.672,9288.34,9300
388e5a28-a798-4ed9-a7d5-f618470b14ec,2019-05-22 18:21:35.292,9539.87,9600
4fe9a397-ee30-48d6-afb5-8287f368ecd6,2019-05-22 18:21:24.652,8040.35,8100
617329ba-2d63-45fa-9a68-86c76d1e8c6b,2019-05-22 18:21:15.494,9234.34,9300
4ccc35c3-e4c6-45f1-ac62-f9eed8fcc991,2019-05-22 18:21:05.172,5140.96,5200
4a2563e8-ca36-4881-bbe7-f6d9f63d8c76,2019-05-22 18:20:58.893,5660.27,5700
135e7581-bcc4-41d9-893f-cad4732b06f6,2019-05-22 18:20:52.135,9975.75,10000
8162d713-b468-4a5d-9c23-b0630cc6855c,2019-05-22 18:20:41.092,8568.77,8600
a9a9f01a-acab-403f-a1b8-ccc36f6be277,2019-05-22 18:20:31.414,9017.4,9100
2dee2f2d-6133-419f-a196-1f8745bce6a7,2019-05-22 18:20:21.332,5789.06,5800
20eb55ed-7f5b-40b4-b888-8bbd94c44fdb,2019-05-22 18:20:14.452,9356.56,9400
82df3de3-ac97-4761-92b1-003d725b7cd2,2019-05-22 18:20:03.994,8420.36,8500
155631c0-c9d8-4c65-b699-84420dd5b166,2019-05-22 18:19:54.476,9179.53,9200
6442629f-c521-4319-8558-881ea1c041d4,2019-05-22 18:19:44.193,9224.33,9300
bd6496b8-dc6b-4d0f-844c-23b20cbbcd88,2019-05-22 18:19:33.892,5266.61,5300
646d2678-5f93-4884-8ca6-dbea35f45b69,2019-05-22 18:19:27.536,9340.22,9400
877f3507-7610-4a43-9156-503f13c3ba54,2019-05-22 18:19:17.052,9016.51,9100
57a76edf-91e9-4459-bffa-2925b5775d94,2019-05-22 18:19:06.935,5370.8,5400
0bf2d987-4542-4683-ac3c-e78853502347,2019-05-22 18:19:00.476,4800.19,4900
bc082b00-028d-41a3-ba11-550506ade290,2019-05-22 18:18:54.594,9170.04,9200
7f4847cc-63a8-4558-b682-54ae592f6bf5,2019-05-22 18:18:44.273,4777.3,4800
36d1a020-5e2f-44eb-a20f-e6da8744116c,2019-05-22 18:18:38.393,6984.23,7000
bbb8334a-ea4e-4aa1-8147-e0e8494fb0e3,2019-05-22 18:18:30.332,8197.88,8200
78634f12-4632-4565-8228-c921061bd518,2019-05-22 18:18:21.034,4469.99,4500
8b269b38-874d-4997-94b5-61dc1c539dd8,2019-05-22 18:18:15.492,6623.71,6700
eb922e95-d47f-469b-afcb-3bb1b0dfd14e,2019-05-22 18:18:07.772,4549.89,4600
c370e399-8bf2-4c9c-bd9e-dce72c326bf5,2019-05-22 18:18:02.132,9696.19,9700
7fb382f9-f065-4678-8ad4-fe11ae058e2a,2019-05-22 18:17:51.313,8760.46,8800
1b888d7a-59c2-4c29-bc95-f658f65ddd51,2019-05-22 18:17:41.453,9853.18,9900
57b93794-ffcb-4f5e-9a31-3cbfbce9b85e,2019-05-22 18:17:30.532,8955.47,9000
57cc4955-de7b-46af-8028-5e47fcbe4381,2019-05-22 18:17:20.475,8573.69,8600
79cf280d-42c6-4105-b4e1-7aba477acd7a,2019-05-22 18:17:10.813,6837.66,6900
19d9a164-6db3-4123-8e8e-9f2a996c98cd,2019-05-22 18:17:02.893,9241.19,9300
fc3f4d7f-ce0f-4f54-9edb-6d333a183cf6,2019-05-22 18:16:52.572,6372.93,6400
86eed680-6111-4b62-a3b8-b4651408be3a,2019-05-22 18:16:45.095,9571.31,9600
ff4070f1-58a2-4f78-a841-ebb6c4b7dba6,2019-05-22 18:16:34.393,9271.27,9300
292d5330-ad2b-4531-be6a-9b477540afae,2019-05-22 18:16:24.036,4999.16,5000
dc701842-890d-42cd-a459-5bb916465034,2019-05-22 18:16:17.953,7827.14,7900
aca895ea-1fcc-4ce3-992d-cea9801929e7,2019-05-22 18:16:09.032,4900.71,5000
daf0218d-c5bd-4aeb-a050-70c6f8566f4a,2019-05-22 18:16:03.052,9625.43,9700
0d2f3ae9-1d3a-468b-a054-867c0dfe7973,2019-05-22 18:15:52.332,8745.91,8800
3cbf712d-c606-45c0-b4e8-e0e1d3f01489,2019-05-22 18:15:42.492,8722.97,8800
a2d8ccd5-6d72-4330-8d98-9e1376b6f259,2019-05-22 18:15:32.654,4552.82,4600
efa13f00-4c13-4b46-9c78-5359cef42be0,2019-05-22 18:15:27.012,5903.83,6000
6de1264c-87ca-4110-82ab-05cfaf69d41d,2019-05-22 18:15:20.012,9272.8,9300
1e389602-d980-409f-b0be-6c82a36ac131,2019-05-22 18:15:09.652,8697.26,8700
58bf6666-e662-4bed-8780-5b3c4a523c97,2019-05-22 18:14:59.833,9233.22,9300
8d8f00e4-b987-4d70-8c87-ad296086371b,2019-05-22 18:14:49.512,8683.94,8700
da8fa575-a2b1-43f4-a8c0-26f04d18ef3d,2019-05-22 18:14:39.737,9115.57,9200
af2fa2a8-ecc7-4e21-b682-013997e3c9c3,2019-05-22 18:14:29.532,8940.77,9000
c573906a-dd9d-4c06-86f9-f211397aee0d,2019-05-22 18:14:19.512,9425.67,9500
ca295450-b7f7-4f08-acc1-88d9008862a0,2019-05-22 18:14:08.992,9274.66,9300
784a5d56-fe4b-4e08-878f-fa3a1c15c317,2019-05-22 18:13:58.632,9043.99,9100
f0639b0a-9375-43b1-ba7f-39ecf7028c55,2019-05-22 18:13:48.492,4463.87,4500
47c35157-be22-43b3-9f5d-afc6bd1cce49,2019-05-22 18:13:42.934,4900.41,5000
b598c3d0-4d93-40c0-be09-b6474e7bfef0,2019-05-22 18:13:36.915,8343.09,8400
9022d18b-d809-428b-bf2f-fdfe1126b70d,2019-05-22 18:13:27.474,4761.09,4800
98d345bd-f3a6-468c-8e79-74178f2955c1,2019-05-22 18:13:21.573,8580.16,8600
8eafddeb-f4d6-4034-ac3f-353ceb6f4530,2019-05-22 18:13:11.912,9604.9,9700
f9fc47de-15c5-4bc7-9b3d-e664fbf652e5,2019-05-22 18:13:01.212,7261.43,7300
81efd0e7-c5a6-48d6-9b76-d932409d58dc,2019-05-22 18:12:52.852,9251.63,9300
fa2946ff-e23c-49e6-8382-75e99ce463f9,2019-05-22 18:12:42.473,7310.67,7400
41e1068a-540f-4690-b384-2562c3576578,2019-05-22 18:12:34.073,5974.76,6000
92e010f8-118d-4e1e-a053-7385a64d3b6a,2019-05-22 18:12:27.032,8229.19,8300
54821256-4d43-4e83-b112-e955e53ea515,2019-05-22 18:12:17.694,4633.47,4700
c37440ac-1952-4cc8-9192-529c003b2f2d,2019-05-22 18:12:11.973,6023.65,6100
c6967dcc-54af-4e0c-b43c-453bff9145e0,2019-05-22 18:12:04.872,5267.63,5300
f9fe0ee6-b8ff-47a8-81bb-9a2c29e8f8ad,2019-05-22 18:11:58.493,7552.84,7600
0a65b64c-852c-4e81-9fd2-c9ab7d9d2e43,2019-05-22 18:11:49.853,4070.03,4100
ce0ad928-900d-4c06-98ec-40238d80c182,2019-05-22 18:11:44.693,8972.88,9000
2bf14dfb-66f2-4d15-80b2-ce7f46e37cb6,2019-05-22 18:11:34.616,4780.84,4800
59312619-8bd2-4a2f-b22e-ae3d9ac939eb,2019-05-22 18:11:28.752,4091.26,4100
aafbef11-6b5d-47c5-9b13-a27410414ede,2019-05-22 18:11:23.572,4898.45,4900
af9f4ebb-48f6-4481-abd2-312f689c9159,2019-05-22 18:11:17.552,9368.84,9400
f2ac0ce5-b04b-4e98-8889-d72cbe809889,2019-05-22 18:11:07.092,5810.52,5900
e9f00614-611d-460a-b56d-634718e2bded,2019-05-22 18:11:00.192,9388,9400
7a27ed4a-a442-4234-9ab6-6c93fcb3271b,2019-05-22 18:10:49.712,6559.59,6600
8c1d6577-5c07-4639-8a6b-8ee941a54db2,2019-05-22 18:10:42.012,9086.46,9100
5deeffff-36e1-495e-9016-7d3a65c93af1,2019-05-22 18:10:31.792,8206.72,8300
53159e89-6c45-48aa-81f8-7aa9ca295b4b,2019-05-22 18:10:22.474,9310.77,9400
8b381571-04c6-4864-a0b6-41e879dc5a68,2019-05-22 18:10:12.072,9080.09,9100
e2c855bf-fba8-4da4-8d9b-12af7aa436b4,2019-05-22 18:10:01.873,5931.3,6000
df86d38b-e03b-4f15-96f2-fa1c412e204a,2019-05-22 18:09:54.852,7548.91,7600
9bc5aa95-73ee-4450-9e60-d51f24fa71eb,2019-05-22 18:09:46.192,9477.45,9500
6f15565e-9afa-4385-bd6b-a9fe8322cebf,2019-05-22 18:09:35.614,8050.89,8100
de733949-188c-4ade-bd6c-482d292b53cd,2019-05-22 18:09:26.492,9688.5,9700
d9145ea5-e09b-4424-8c17-2adde9c3391f,2019-05-22 18:09:15.694,9661.82,9700
3c267e50-550b-4491-96d7-2f5b6ea04569,2019-05-22 18:09:04.895,9038.09,9100
030a72a0-a954-4cf9-a6cd-bae251bbad2e,2019-05-22 18:08:54.755,7136.31,7200
c3aa51d1-3b46-4372-bd9d-bc6fce5deb63,2019-05-22 18:08:46.517,9143.63,9200
737cdc16-2ada-41cf-a581-eda2d586ea7b,2019-05-22 18:08:36.312,7894.15,7900
57f6b2fd-5d8d-44dc-a773-9146a4daf4cf,2019-05-22 18:08:27.313,5302.36,5400
ae289bb9-5f2e-4384-8c8d-062525409884,2019-05-22 18:08:20.893,9183.98,9200
fae97970-598d-49bf-b389-efca2b0a5567,2019-05-22 18:08:10.632,6634.38,6700
30e00b90-8659-45f8-99f7-eb19160fcbd2,2019-05-22 18:08:02.912,5666.33,5700
49840aec-3fa4-4021-8f8e-a02589e260fa,2019-05-22 18:07:56.133,4962.32,5000
d46599e0-b83d-4107-86e3-9ec679485381,2019-05-22 18:07:50.092,8768.34,8800
87778372-a709-4161-a84f-ac334bda098c,2019-05-22 18:07:40.232,8552.38,8600
0c6f80ac-38e8-4070-858f-08c11dfc98cd,2019-05-22 18:07:30.577,6412.92,6500
7e498037-79ea-4a4b-945d-3a25b6a8c771,2019-05-22 18:07:23.092,8976.39,9000
ad7f196e-796b-47e8-91f4-d3d75402e81a,2019-05-22 18:07:13.013,4920.22,5000
7b99c5ca-8191-4fba-a7a3-b64396d7d3fb,2019-05-22 18:07:06.998,4461.61,4500
44f64d2f-8c60-47ee-97a1-a0561ee2c948,2019-05-22 18:07:01.454,9299.41,9300
08915dcd-c87e-4862-9db0-bfee9fb00a30,2019-05-22 18:06:51.058,5892.31,5900
31b7f795-18cf-4fd7-b298-2a86337cfe05,2019-05-22 18:06:44.092,9466.57,9500
fca15ebd-6f89-4157-ac54-11a62489400b,2019-05-22 18:06:33.532,9615.83,9700
4a16212c-2814-46c8-8e63-64baf834ed65,2019-05-22 18:06:22.812,5368.04,5400
6466e38b-2090-4a55-b894-9f171ca29e58,2019-05-22 18:06:16.372,5588.23,5600
67a8e02e-b61a-487f-ab3f-27a64fb73388,2019-05-22 18:06:09.692,9011.52,9100
a3c414d1-1b4a-4717-b6e5-d6ecab95eada,2019-05-22 18:05:59.592,9203.52,9300
87c7c15a-f5ca-40c9-afc5-339ab2355ce8,2019-05-22 18:05:49.272,6014.88,6100
08773e34-a196-4ce7-b010-1e5dedeb1794,2019-05-22 18:05:42.152,9126.96,9200
d7ddf840-d743-4fbf-9b6d-f44eabb8c1ea,2019-05-22 18:05:31.932,5516.95,5600
9539d1f4-aa1a-473e-9f0d-429671bb7eba,2019-05-22 18:05:25.292,9630.56,9700
cbd53e2a-a2c2-433f-9aaa-7afc40315c95,2019-05-22 18:05:14.574,9467.87,9500
a45a4445-249d-4c4c-be1d-310cd1a79492,2019-05-22 18:05:04.014,7518.65,7600
2146a0e1-ec8e-48b4-af9c-c57a3992ff1f,2019-05-22 18:04:55.413,9304.47,9400
a4d62518-81f7-42ce-bfb6-6be2a6b6a466,2019-05-22 18:04:44.992,8813.55,8900
7fc7a664-f05f-42f2-8c29-0302656d1a06,2019-05-22 18:04:35.092,5804.62,5900
b7d886a4-260a-4ffb-b7fb-47e18453711f,2019-05-22 18:04:28.173,6008.56,6100
15c52741-45f3-44f3-9b9d-c77374d9a33e,2019-05-22 18:04:21.092,9369.41,9400
ca6ced57-4fa4-4c0b-81d5-80a76cbafbc8,2019-05-22 18:04:10.632,9501.36,9600
681f2478-5654-4103-9b0a-b833abab582b,2019-05-22 18:04:00.016,9252.66,9300
d4cd14c4-3917-4b8f-b7fc-f6fd2e86c6a8,2019-05-22 18:03:49.674,5553.19,5600
b67fb157-ce01-42dc-8fb1-77dfbc35d3d2,2019-05-22 18:03:43.014,9216.53,9300
4a715827-6f40-4e3e-a114-3887a7fd20d1,2019-05-22 18:03:32.712,9089.01,9100
058a3e55-f208-4cf5-b722-9cb52bfcfc37,2019-05-22 18:03:22.516,6315.49,6400
29334fa5-ba25-478c-ba7a-151163101ddb,2019-05-22 18:03:15.095,9352.13,9400
70162ec9-5366-497e-8964-324d8b1f1add,2019-05-22 18:03:04.633,7756.8,7800
74067753-1d24-4141-a353-d40280857b62,2019-05-22 18:02:55.792,9228.58,9300
5c74cb44-3a59-4dfe-9ffd-98d5749016cc,2019-05-22 18:02:45.455,5432.1,5500
b6778f22-9e83-40f5-9b2c-a3a137c44097,2019-05-22 18:02:38.874,9251.93,9300
82b4f4f1-7a52-4c97-997a-3904a7e3bba2,2019-05-22 18:02:28.552,4873.35,4900
3501387f-ca9c-4743-ab61-a37cd698d79d,2019-05-22 18:02:22.574,7783.15,7800
0d8fef18-d7bf-4d53-9835-98fb77b17869,2019-05-22 18:02:13.732,5735.14,5800
e5d57fda-627e-4929-a8c9-bba1b6fe0dfb,2019-05-22 18:02:06.912,8471.6,8500
693c7a23-9ecf-4b8c-976c-4dc2493fef44,2019-05-22 18:01:57.334,8794.85,8800
acc2708d-6462-485f-960c-e1b8b3aa68b8,2019-05-22 18:01:47.454,4852.51,4900
d834bd3a-5a12-4874-9ada-0795d22479cc,2019-05-22 18:01:41.512,5900.13,6000
bc1c3917-2a85-48d0-b4f9-8e7d26c9c28c,2019-05-22 18:01:34.473,8860.55,8900
5bfb1532-a8ab-4d20-ad7f-ea6a0b53a5ac,2019-05-22 18:01:23.972,8927.74,9000
fc93a92d-d544-46d7-9228-1f79aae7f389,2019-05-22 18:01:13.912,5001.32,5100
327c7aa0-17e0-40e6-afa8-2ad00631bbb2,2019-05-22 18:01:07.814,9526.8,9600
88aa18a2-754b-489b-af24-9a338081d922,2019-05-22 18:00:57.173,9377.87,9400
6808e6f4-d178-4afb-9937-01cabf01ff6c,2019-05-22 18:00:46.712,9534.85,9600
c882902c-a3eb-4382-a7a0-5db71eeee0d3,2019-05-22 18:00:36.072,9004.1,9100
dd14c184-e69e-4652-8feb-d86a5706081a,2019-05-22 18:00:25.935,7394.06,7400
48d12294-d8e2-43e5-8068-6ea6304a4f26,2019-05-22 18:00:17.454,8787.53,8800
e4c2f0db-4b0a-4982-9db2-714a33655101,2019-05-22 18:00:07.574,4831.49,4900
1ba938cc-7559-4a85-bcc4-70e5eaa89287,2019-05-22 18:00:01.654,8532.85,8600
45739b89-7aa6-4891-b7d0-0f95d33fcd99,2019-05-22 17:59:52.032,9153.51,9200
e01e821c-7e0a-48c9-b93c-5f2e142cd6a4,2019-05-22 17:59:41.774,7610.25,7700
8a28b538-6bb5-4834-a654-9a9bda35c2b7,2019-05-22 17:59:33.092,6950.29,7000
b67acda3-ffb0-476b-a094-dbab332125c9,2019-05-22 17:59:25.032,7690.05,7700
769705d2-59bb-48c0-8b6f-0a3ff404b390,2019-05-22 17:59:16.252,5632.3,5700
a7342368-b281-41ab-a9be-2471d97a703f,2019-05-22 17:59:09.512,7568.48,7600
ba540ffb-a6ef-4127-b5f8-53ba6231c64e,2019-05-22 17:59:00.852,8750.06,8800
c1222e51-673f-4d56-b791-2d9e66d11f34,2019-05-22 17:58:50.993,9305.34,9400
4a47a976-2412-4853-913a-3de5abc77daf,2019-05-22 17:58:40.612,7933.46,8000
cadaedf7-20da-4784-bbb2-5a0813061449,2019-05-22 17:58:31.576,6126.69,6200
a05b1319-d80c-4517-8793-98426aed262d,2019-05-22 17:58:24.334,9342.67,9400
9fbab439-9457-4dd4-a524-ae85e93435e7,2019-05-22 17:58:13.896,6510.66,6600
1c976788-3a45-4e93-a27e-9ae62a0a938e,2019-05-22 17:58:06.312,4281.85,4300
5670a689-ef19-4a2e-819c-2bc5a4a3e10b,2019-05-22 17:58:00.952,4730.76,4800
63d97769-516d-45f9-813f-9d5cd1e2c25c,2019-05-22 17:57:55.114,5653.12,5700
684a2b0c-308a-4666-b9b0-ab7b4c1510c9,2019-05-22 17:57:48.392,9000.6,9100
d2d2040f-1e3f-4b3e-8eeb-87e9c3680549,2019-05-22 17:57:38.312,9382.12,9400
dcc9b60e-88cd-44bb-b807-d9cfa31c59fc,2019-05-22 17:57:27.852,8687.05,8700
7444b910-db15-4e85-9894-8c78bd883ee3,2019-05-22 17:57:18.052,7022.45,7100
b76f876f-00e4-456b-af4e-27ebf6b61069,2019-05-22 17:57:09.952,9238.11,9300
b5e791b4-aecd-446b-ba8a-8b432453688b,2019-05-22 17:56:59.632,9055.99,9100
1dcbcbb3-ed54-4fe7-a9c4-397e7ba5f176,2019-05-22 17:56:49.474,6292.8,6300
e1dd0e63-d2da-402c-86d9-cec796b8d50e,2019-05-22 17:56:42.096,9388.02,9400
b7a6f8cf-4a0d-4594-a0dc-3d5a9c13b2c6,2019-05-22 17:56:31.632,9197.22,9200
fb2dd721-b5ca-439e-a8d4-e0b37622fca4,2019-05-22 17:56:21.315,8023.51,8100
7b942a8b-52af-4a67-b64a-5a9058957b25,2019-05-22 17:56:12.194,6511.6,6600
f3fd30d0-f375-47d4-9414-555973904cc9,2019-05-22 17:56:04.556,7165.41,7200
e2b76af3-e4ee-4b1a-b334-76eb0715690b,2019-05-22 17:55:56.295,7342.09,7400
48a084e8-b1af-4773-889d-7f95a8cf31b3,2019-05-22 17:55:47.872,7150.43,7200
864dac9f-0aa3-42fc-a0ff-15d9de59e596,2019-05-22 17:55:39.632,6979.46,7000
97e951dc-1085-42bb-9ed2-3f637f6eb670,2019-05-22 17:55:31.536,8364.35,8400
08f73a1a-d52b-4897-806c-d9fef10481b1,2019-05-22 17:55:22.092,8451.9,8500
845d3fb8-47aa-4f0b-bfbe-72ea87a2b5fd,2019-05-22 17:55:12.475,5525.23,5600
5bbfe05d-d234-401b-9ff1-01b8c7605a05,2019-05-22 17:55:05.852,9239.12,9300
991aca84-e0a3-46f7-a3d7-588a5df7060a,2019-05-22 17:54:55.512,9197.74,9200
84c3dec7-7f1d-48e9-b24b-146e21cab673,2019-05-22 17:54:45.233,8347.2,8400
9b762bbb-0d1a-41ab-a529-a5d26f77120b,2019-05-22 17:54:35.792,4886.95,4900
adf29c24-7468-4829-9a65-9e5e834b4d0c,2019-05-22 17:54:29.792,9419.37,9500
b564faaf-e40f-47cd-983a-e8bcbd243c6c,2019-05-22 17:54:19.275,5667.14,5700
86e7ae4f-53fc-40b7-bc5f-0a78edaed9c9,2019-05-22 17:54:12.532,9425.13,9500
d8ded58f-03e7-4322-a5a6-6b06502e01d6,2019-05-22 17:54:01.975,5892.75,5900
95179d99-c7b7-49cb-98f7-63db88beb541,2019-05-22 17:53:55.012,7804.53,7900
d7eab5e9-7152-49cb-852b-9d2097bd3cb1,2019-05-22 17:53:46.094,7556.32,7600
8b50e45a-3bdb-4bd6-9439-989bae4cce45,2019-05-22 17:53:37.453,9433.56,9500
c92bda41-0793-4e3d-b4bb-b7628b288203,2019-05-22 17:53:26.952,9105.27,9200
e08542b1-71fd-44df-9ae9-fcc0950c7895,2019-05-22 17:53:16.753,9413.46,9500
49848f9b-21f3-44b0-ba4c-cd2b2f9da940,2019-05-22 17:53:06.272,9488.24,9500
bfa21a96-b845-4c76-9a23-10fafcdd4536,2019-05-22 17:52:55.672,6834.3,6900
3daa74c8-1f15-46d9-b3a7-1dc5cce59414,2019-05-22 17:52:47.734,9058.09,9100
7bb63665-587d-4148-8ef9-ac824ac1fab7,2019-05-22 17:52:37.572,5986.55,6000
c112108d-d51c-430c-b848-211d4eac3aa2,2019-05-22 17:52:30.512,8836.76,8900
3091aec9-947a-4cdc-9a34-e4d81b39eccf,2019-05-22 17:52:20.572,8208.06,8300
709efad6-21ae-456d-8ffe-43b8acc97e7d,2019-05-22 17:52:11.273,5036.74,5100
9dd569ec-2153-4acb-aed8-7d081c861e29,2019-05-22 17:52:05.153,4905.03,5000
43b5b73f-ddcd-426b-b9a7-c7a7e1c2a49b,2019-05-22 17:51:59.135,6693.5,6700
31bbf037-57a4-49d0-b69a-b26ce8da068a,2019-05-22 17:51:51.294,8315.64,8400
af2b80e4-a490-4046-b9f8-dc79977c60a9,2019-05-22 17:51:41.892,9434.6,9500
e49ddb55-cdd7-4ead-a5e7-bd1f4c0140f8,2019-05-22 17:51:31.356,7361.08,7400
682d25f1-9c79-41ea-b939-f0f5edaa3479,2019-05-22 17:51:22.894,4855.06,4900
64af016b-20d3-4d28-9267-d5b27b4c8420,2019-05-22 17:51:16.933,7005.82,7100
ab03b767-79ff-4bbd-adda-3db7148d3066,2019-05-22 17:51:08.852,9280.11,9300
7ed13a59-db71-4609-920a-ddc6d5871a00,2019-05-22 17:50:58.452,7193.43,7200
d1456377-995e-404f-9797-48659ab62e7c,2019-05-22 17:50:50.153,4430.9,4500
aeb9cf75-71f0-46da-a37d-ef31f1d276d9,2019-05-22 17:50:44.592,5220.49,5300
4bcab2be-d0d7-4df6-8ed4-9c7b02dc2a8d,2019-05-22 17:50:38.272,9375.04,9400
0df134d2-4092-435e-986a-58ecf9f910f9,2019-05-22 17:50:27.812,9154.31,9200
a345f51c-4793-4ef8-aa51-a42e836ec27f,2019-05-22 17:50:17.554,9328.87,9400
b1bd3b43-f81a-4cd2-a468-aa4731fc52dc,2019-05-22 17:50:07.134,6420.8,6500
0b096e94-7283-46b8-9732-81d330da502c,2019-05-22 17:49:59.652,9479.18,9500
c6585b5d-44ee-4077-a5d3-cdbb0e9080aa,2019-05-22 17:49:49.074,8545.4,8600
93988f6d-cf07-4347-89a8-203c6d6cc175,2019-05-22 17:49:39.432,9017.18,9100
e11d5e84-d44e-4896-8346-8fb30ca205dd,2019-05-22 17:49:29.314,9133.96,9200
f7005f68-7b02-4a80-a3ee-a683d0549214,2019-05-22 17:49:19.094,4547.29,4600
69f5af7f-bc73-433b-b01c-80acb8dc7bed,2019-05-22 17:49:13.472,9286.74,9300
8d1f7f9d-ed41-425a-b30d-297ee96af323,2019-05-22 17:49:03.074,6526.27,6600
6edd62d0-57d3-4490-a01a-9a17be2459e8,2019-05-22 17:48:55.453,6043.33,6100
d8c7b30b-8cd3-4222-a267-2e6b06710374,2019-05-22 17:48:48.314,8746.91,8800
008c8045-0803-4723-99de-00ec1d7c9c4e,2019-05-22 17:48:38.492,6776.34,6800
39174afd-f954-4902-bbca-c95e99b2360b,2019-05-22 17:48:30.592,9194.43,9200
2307af42-6753-4470-a152-5abc09787a4b,2019-05-22 17:48:20.312,8557.58,8600
fec0d53e-32f2-4a50-b38a-124ce5f6ecfe,2019-05-22 17:48:10.672,4816.84,4900
d9b22fb7-60ef-4597-b9b1-94f5cf857eb4,2019-05-22 17:48:04.752,5032.23,5100
6997acb7-1adb-4659-a9e6-66a05efe7622,2019-05-22 17:47:58.633,9498.38,9500
05396a4f-4e76-4a56-8f0a-c585f54172ef,2019-05-22 17:47:48.035,8955.88,9000
7e59168d-eb9d-4596-9603-1ea48e012c61,2019-05-22 17:47:37.992,8276.76,8300
ddb2a94f-1813-4326-ae63-a60e7dcf6c71,2019-05-22 17:47:28.617,4840.88,4900
8e54a820-cc96-4ff2-ab07-b664235610f7,2019-05-22 17:47:22.632,5053.79,5100
67281a3c-da15-4034-925f-5552cfd8b2b6,2019-05-22 17:47:16.473,7947.45,8000
46728669-7a16-442f-8c68-bc84099a939d,2019-05-22 17:47:07.452,8856.41,8900
21c2d10d-d498-4308-be55-3b28c1bf70fa,2019-05-22 17:46:57.512,9381.81,9400
99d1bfcd-424f-4766-9957-12282c3f8f66,2019-05-22 17:46:47.013,8849.23,8900
ef6b1382-3a48-4551-922e-e24e7b68f580,2019-05-22 17:46:37.075,8556.35,8600
5e1bc8b9-5a72-4d26-931f-3e05807e604d,2019-05-22 17:46:27.452,9387.16,9400
bcd71f25-40c2-468a-b6ad-b49e7c1bb8a0,2019-05-22 17:46:16.934,9315.07,9400
0d95cf5b-85c3-4dae-9de5-74442d024403,2019-05-22 17:46:06.552,9500.2,9600
cff0458a-557b-43bd-a167-8c218ede4248,2019-05-22 17:45:55.957,5614.43,5700
e151efd2-5906-4e45-b454-12c8cbe65bb3,2019-05-22 17:45:49.253,9468.69,9500
a899e746-dddc-4fbd-ba0b-d854bc050412,2019-05-22 17:45:38.652,6082.9,6100
b7f749b8-a64a-4b2b-a422-df9ce3182e97,2019-05-22 17:45:31.472,9309.79,9400
714cdcc3-0b1b-49c7-bd41-ab88ced8809a,2019-05-22 17:45:21.035,6733.05,6800